"","Player","X2022.Salary","X2022.Signing","G","GS","MIN","PTS","FGM","FGA","FG.","X2PM","X2PA","X2P.","X3PM","X3PA","X3P.","FTM","FTA","FT.","ORB","DRB","TRB","AST","TOV","STL","BLK","PF","Is_NBA"
"1","Breanna Stewart",228094,"UFA",34,34,30.9,21.8,7.5,15.9,"47.20%",5.5,10.7,"51.80%",2,5.2,"37.90%",4.8,5.8,"83.70%",1.4,6.2,7.6,2.9,1.3,1.6,0.9,2.1,0
"2","Kelsey Plum",180250,NA,36,36,32.8,20.2,6.8,14.8,"46.00%",3.6,7.3,"50.00%",3.1,7.5,"42.00%",3.5,4.1,"83.90%",0.3,2.4,2.7,5.1,2.6,1,0.1,2.5,0
"3","Skylar Diggins-Smith",227900,NA,30,30,34,19.7,6.9,16.2,"42.90%",5.6,11.7,"48.00%",1.3,4.5,"29.60%",4.5,5.3,"84.40%",0.9,3.1,4,5.5,2.7,1.5,1,2.7,0
"4","Arike Ogunbowale",72141,NA,30,30,31.4,19.7,6.8,17,"40.00%",4,9.1,"44.20%",2.8,7.9,"35.20%",3.3,4.1,"79.80%",0.6,2.7,3.3,3.6,1.8,1.5,0.1,2.2,0
"5","A'ja Wilson",196267,"RFA",36,36,30,19.5,7.2,14.4,"50.10%",6.4,12.1,"52.50%",0.9,2.3,"37.30%",4.2,5.2,"81.30%",1.8,7.6,9.4,2.1,1.7,1.4,1.9,2.1,0
"6","Kelsey Mitchell",200000,NA,31,31,32.6,18.4,6.3,14.4,"43.80%",4,8.7,"45.80%",2.3,5.7,"40.90%",3.4,3.9,"86.10%",0.5,1.5,1.9,4.2,2.4,0.9,0.2,2.3,0
"7","Nneka Ogwumike",196267,"Core",34,34,31.4,18.1,7.3,13.5,"54.40%",6.7,11.8,"56.90%",0.6,1.7,"36.80%",2.8,3.4,"82.60%",1.4,5.2,6.6,2,1.8,1.7,0.4,2.4,0
"8","Sabrina Ionescu",76297,NA,36,36,32.3,17.4,5.9,14.3,"41.10%",3.6,7.3,"48.50%",2.3,6.9,"33.30%",3.4,3.6,"93.10%",1,6.1,7.1,6.3,3,1.1,0.3,2.1,0
"9","Elena Delle",227900,NA,25,25,27.8,17.2,6.2,12.9,"48.00%",4.8,9.1,"52.60%",1.4,3.8,"36.80%",3.4,3.7,"91.30%",1.2,5.1,6.3,2.3,1.1,0.5,1.1,1.4,0
"10","Diana Taurasi",228094,"UFA",31,31,31,16.7,4.8,13,"37.30%",1.9,4.2,"45.00%",3,8.8,"33.70%",4.1,4.6,"89.40%",0.3,3.2,3.4,3.9,2.7,0.7,0.6,2.9,0
"11","Jewell Loyd",228094,"Core",36,36,30.3,16.3,5.6,14.1,"39.60%",3.3,8.1,"40.30%",2.3,6.1,"38.50%",2.8,3.1,"89.30%",0.6,2.1,2.6,3.4,2.2,1.1,0.2,1.8,0
"12","Rhyne Howard",72141,"Rookie",34,34,31.3,16.2,5.4,15,"36.10%",2.9,7.7,"37.90%",2.5,7.3,"34.30%",2.9,3.7,"79.20%",0.8,3.7,4.5,2.8,1.6,1.6,0.8,2.6,0
"13","Jackie Young",72141,NA,34,34,33.2,15.9,5.6,11.8,"47.60%",4.1,8.4,"49.50%",1.5,3.4,"43.10%",3.2,3.8,"85.90%",1.3,3.1,4.4,3.9,1.3,1.4,0.2,2.4,0
"14","Kahleah Copper",200000,"Core",31,31,28.8,15.7,5.7,11.8,"48.10%",4.5,8.5,"52.80%",1.2,3.3,"35.60%",3.2,4.2,"77.50%",1,4.6,5.7,2.3,2,0.5,0,2.4,0
"15","Natasha Howard",221450,"Core",35,35,29.9,15.1,5.9,12.2,"48.20%",5,9.6,"52.50%",0.9,2.6,"32.60%",2.5,3.5,"71.50%",2,5.3,7.3,2.3,3.2,1.3,1,3.1,0
"16","Tiffany Hayes",215000,"UFA",12,11,25.2,14.8,5.5,10.1,"54.50%",4,6.6,"60.80%",1.5,3.5,"42.90%",2.3,3.4,"68.30%",0.3,3.1,3.3,1.9,1.8,0.7,0.1,2.8,0
"17","Tina Charles",56673,"UFA",34,26,28.9,14.8,5.8,12.7,"45.70%",4.7,9.5,"49.20%",1.1,3.2,"35.50%",2,2.4,"82.70%",1.5,5.8,7.3,2,2.1,0.7,0.7,2.8,0
"18","Tina Charles",34285,"UFA",34,26,28.9,14.8,5.8,12.7,"45.70%",4.7,9.5,"49.20%",1.1,3.2,"35.50%",2,2.4,"82.70%",1.5,5.8,7.3,2,2.1,0.7,0.7,2.8,0
"19","Ariel Atkins",170000,NA,36,36,30,14.6,5.1,12.2,"42.00%",3.2,6.9,"46.40%",1.9,5.3,"36.50%",2.4,2.9,"84.50%",0.9,2.3,3.3,2.3,1.4,1.3,0.3,2.8,0
"20","Jonquel Jones",205000,"Core",33,32,26.4,14.6,5.3,10.4,"51.30%",4.1,7,"58.20%",1.2,3.4,"36.90%",2.7,3.4,"80.20%",2.6,6,8.6,1.8,2.6,1.1,1.2,2.7,0
"21","Aerial Powers",196267,"UFA",35,31,27,14.4,4.9,12.6,"38.50%",3.9,9.5,"41.00%",0.9,3.1,"30.80%",3.8,4.6,"81.50%",1.3,3.4,4.7,2.9,2.6,1.2,0.3,1.8,0
"22","Sylvia Fowles",200000,"UFA",30,30,27.7,14.4,6.1,9.9,"62.20%",6.1,9.9,"62.20%",0,0,NA,2.1,3.2,"66.00%",2.5,7.3,9.8,1.2,2.1,1,1.2,2.4,0
"23","Brionna Jones",120000,"RFA",36,7,25.1,13.8,5.2,9.1,"56.90%",5.2,8.9,"57.90%",0,0.2,"0.00%",3.4,4.1,"84.40%",2.6,2.5,5.1,1.2,1.5,1.2,0.4,2.6,0
"24","Chelsea Gray",206267,"UFA",35,35,29.7,13.7,5.2,10.7,"49.10%",4.3,7.8,"54.60%",1,2.9,"34.00%",2.3,2.5,"91.00%",0.3,2.9,3.2,6.1,2.3,1.6,0.3,1.5,0
"25","Marina Mabrey",72141,NA,34,32,28,13.6,5.2,12.5,"42.00%",3.4,7.4,"46.80%",1.8,5.1,"35.10%",1.4,2,"68.10%",0.6,3.1,3.6,3.7,2.4,0.8,0.4,2.5,0
"26","NaLyssa Smith",72141,"Rookie",32,32,30.7,13.5,5,11.9,"41.90%",3.8,8.9,"43.20%",1.2,3,"38.10%",2.4,3.8,"61.80%",2.2,5.7,7.9,1.4,2.4,0.5,0.3,2.9,0
"27","DeWanna Bonner",227900,NA,33,33,30,13.5,4.7,10.8,"43.90%",3.3,6.5,"51.20%",1.4,4.2,"32.90%",2.6,3.2,"82.70%",0.8,4,4.7,2.8,1.6,1.2,0.3,1.8,0
"28","Alyssa Thomas",206000,"UFA",36,36,32.1,13.4,5.2,10.4,"50.00%",5.2,10.4,"50.30%",0,0.1,"0.00%",3,4.1,"73.00%",2.1,6.1,8.2,6.1,2.9,1.7,0.2,2.8,0
"29","Allisha Gray",164800,"RFA",33,33,32.9,13.3,4.4,10.5,"42.30%",2.5,5.7,"43.60%",1.9,4.8,"40.80%",2.5,3.2,"79.80%",0.9,3.9,4.8,2.5,1.3,1.1,0.7,2.4,0
"30","Kayla McBride",196267,"UFA",31,31,29.8,13.3,4.4,10.9,"40.50%",2.9,6.6,"43.70%",1.5,4.3,"35.60%",2.9,3.2,"90.90%",0.5,2.3,2.8,2.1,1.5,1,0.1,1.4,0
"31","Candace Parker",195000,"UFA",32,32,28.2,13.2,5,10.8,"45.80%",3.7,6.6,"55.20%",1.3,4.2,"31.10%",1.9,2.4,"81.60%",0.9,7.7,8.6,4.5,2.4,1,1,2.2,0
"32","Diamond DeShields",150000,"RFA",30,19,25.3,13.1,4.7,12.2,"38.80%",4,9.2,"43.70%",0.7,3,"23.60%",2.9,3.8,"76.50%",0.6,3.2,3.8,2.2,2.3,1,0.5,3.3,0
"33","Liz Cambage",141386,"UFA",25,24,23.4,13,4.7,9.2,"50.90%",4.5,8.6,"52.30%",0.2,0.6,"28.60%",3.5,4.4,"78.40%",1.3,5.1,6.4,2.1,2.3,0.7,1.6,3.2,0
"34","Brittney Sykes",113300,"RFA",32,24,28.8,12.7,4.8,11,"43.30%",4.3,9.3,"46.20%",0.4,1.6,"26.90%",2.7,3.5,"77.00%",0.7,2.9,3.7,3.7,2.6,2,0.7,2.6,0
"35","Sophie Cunningham",75000,"UFA",28,20,29.5,12.6,4.3,9.5,"44.90%",1.8,3.3,"54.30%",2.5,6.3,"40.00%",1.5,1.7,"87.50%",0.7,3.7,4.4,1.6,1,1,0.4,3.4,0
"36","Emma Meesseman",185000,"UFA",36,36,28.6,12.4,5.4,9.4,"57.10%",5,8.4,"59.90%",0.4,1.1,"34.20%",1.3,1.5,"88.70%",1.7,3.8,5.5,3.8,1.4,1.4,0.8,2.5,0
"37","Cheyenne Parker",190550,"UFA",36,35,26.2,11.8,4.9,9.8,"50.00%",4.6,8.3,"55.20%",0.3,1.5,"21.80%",1.7,2.2,"79.50%",1.6,4.5,6.2,2,2,1,0.9,2.7,0
"38","Courtney Vandersloot",195000,"UFA",32,32,26.5,11.8,4.3,8.8,"48.10%",3.3,6.4,"52.50%",0.9,2.5,"36.70%",2.3,3.1,"76.50%",0.7,3.2,3.9,6.5,2.7,1.2,0.5,1.7,0
"39","Allie Quigley",135000,"UFA",34,34,26.3,11.4,3.8,8.9,"42.80%",2.4,4.8,"49.10%",1.5,4.1,"35.50%",2.2,2.4,"95.00%",0.5,2,2.5,2.9,1.3,0.7,0.2,1.5,0
"40","Satou Sabally",76297,NA,11,6,21.7,11.3,3.7,9.4,"39.80%",2.8,5.5,"51.70%",0.9,3.9,"23.30%",2.9,3.2,"91.40%",0.8,4,4.8,2.1,2.3,0.5,0.2,3.2,0
"41","Betnijah Laney",196267,"UFA",9,6,28.3,11.2,4.2,10,"42.20%",3,6.8,"44.30%",1.2,3.2,"37.90%",1.6,1.8,"87.50%",0.1,3.2,3.3,2.8,2.7,0.4,0.1,2.7,0
"42","Courtney Williams",103000,"UFA",34,34,28,11.1,4.9,11.4,"42.60%",4.2,9.5,"44.40%",0.6,1.9,"33.80%",0.8,1.1,"75.00%",0.9,3.7,4.6,3.3,1.7,1,0.4,1.6,0
"43","Aari McDonald",71441,"Rookie",36,6,24.3,11.1,3.6,8.9,"41.10%",2.3,4.9,"46.90%",1.3,3.9,"33.80%",2.4,2.8,"87.10%",0.4,1.8,2.3,2.6,2.2,1.5,0,2.2,0
"44","Teaira McCowan",72141,NA,33,15,18.9,11,4.2,7,"60.20%",4.2,7,"60.20%",0,0,NA,2.5,4.2,"60.00%",3,4.1,7,0.8,1.7,0.3,0.7,3.1,0
"45","Maya Caldwell",4490,"Hardship",9,7,23.7,10.9,4.2,8.2,"51.40%",2.2,4.7,"47.60%",2,3.6,"56.30%",0.4,0.6,"80.00%",0.6,1.9,2.4,2.2,1.6,0.8,0.2,1.7,0
"46","Maya Caldwell",3143,"Hardship",9,7,23.7,10.9,4.2,8.2,"51.40%",2.2,4.7,"47.60%",2,3.6,"56.30%",0.4,0.6,"80.00%",0.6,1.9,2.4,2.2,1.6,0.8,0.2,1.7,0
"47","Maya Caldwell",1796,"Hardship",9,7,23.7,10.9,4.2,8.2,"51.40%",2.2,4.7,"47.60%",2,3.6,"56.30%",0.4,0.6,"80.00%",0.6,1.9,2.4,2.2,1.6,0.8,0.2,1.7,0
"48","Natasha Cloud",185000,"SuspCE",34,34,31.3,10.7,3.6,9.1,"39.90%",2.4,5.1,"46.20%",1.3,4,"31.90%",2.2,2.7,"82.40%",0.5,3.1,3.6,7,2.8,1,0.3,1.6,0
"49","Azura Stevens",140000,NA,35,8,21.9,10.6,4.3,9.1,"47.20%",3.1,5.8,"53.50%",1.2,3.3,"36.20%",0.8,1.1,"74.40%",0.6,3.3,3.9,0.8,0.7,0.5,1.1,1.7,0
"50","Moriah Jefferson",170953,NA,31,30,26.1,10.4,3.8,8.4,"45.20%",2.6,5.9,"44.30%",1.2,2.5,"47.40%",1.7,2.1,"81.50%",0.4,2.1,2.4,4.7,2.2,1.2,0.1,2.2,0
"51","Moriah Jefferson",67141,"UFA",31,30,26.1,10.4,3.8,8.4,"45.20%",2.6,5.9,"44.30%",1.2,2.5,"47.40%",1.7,2.1,"81.50%",0.4,2.1,2.4,4.7,2.2,1.2,0.1,2.2,0
"52","Marine Johannes",40713,"ROS",24,10,25.5,10,3.5,7.5,"46.40%",1.2,2.2,"52.80%",2.3,5.3,"43.70%",0.8,1,"87.00%",0.2,1.5,1.7,3.4,1.8,0.6,0.1,1.6,0
"53","Shey Peddy",72141,"Reserved",34,24,28.7,9.9,3.4,8.2,"41.80%",2,3.9,"51.50%",1.4,4.3,"32.90%",1.6,1.9,"88.90%",1.3,2.4,3.8,3.4,1.4,1.6,0.2,1.8,0
"54","Victoria Vivians",72141,"Reserved",35,30,26.9,9.8,3.6,10.7,"33.60%",2.3,6.2,"37.60%",1.3,4.5,"28.00%",1.3,1.8,"74.20%",0.7,2.9,3.6,2.4,2.1,1.1,0.3,2.4,0
"55","Katie Lou",72141,NA,32,29,29.5,9.7,3.3,9,"37.30%",1.6,4,"39.80%",1.8,5,"35.20%",1.3,1.5,"83.70%",0.5,2.4,3,1.9,1.1,1,0.2,1.6,0
"56","Ezi Magbegor",60471,NA,33,23,24.7,9.5,4,7.3,"55.00%",3.7,6.5,"57.70%",0.3,0.9,"34.50%",1.2,1.6,"73.60%",1.6,4,5.6,1.4,1.4,0.9,1.8,2.9,0
"57","Dearica Hamby",152800,NA,34,32,26.5,9.3,3.4,7.3,"46.60%",2.9,5.2,"56.80%",0.5,2.1,"21.90%",2,2.7,"72.00%",1.4,5.6,7.1,1.1,1.5,1.1,0.1,2,0
"58","Jordin Canada",98000,"UFA",32,25,27,9.2,3.3,8.5,"38.40%",3,6.9,"43.90%",0.2,1.6,"14.00%",2.5,3.1,"80.60%",0.2,2.1,2.3,5.5,2.3,1.4,0.2,1.8,0
"59","Natisha Hiedeman",72141,"Reserved",36,31,25,9.1,3.3,7.6,"43.10%",1.4,2.9,"46.20%",1.9,4.7,"41.10%",0.7,0.8,"80.00%",0.2,1.6,1.8,3.3,1.3,1.2,0.1,1.8,0
"60","Myisha Hines-Allen",170000,"RFA",34,15,19.3,8.9,3.4,8.1,"41.50%",2.5,5.8,"43.40%",0.9,2.3,"36.70%",1.3,1.9,"70.30%",1.1,4.2,5.3,1.9,1.7,0.8,0.3,1.6,0
"61","Chennedy Carter",76297,NA,24,2,16.4,8.9,3.5,7.9,"45.00%",3.5,7.5,"46.40%",0.1,0.4,"20.00%",1.7,2.3,"74.50%",0.4,1.5,1.9,1.9,1.8,0.6,0.4,2.2,0
"62","Isabelle Harrison",159000,NA,35,18,18.4,8.7,3.3,7.1,"46.60%",3.3,7.1,"46.20%",0.1,0.1,"100.00%",2.1,2.4,"86.70%",1.4,2.9,4.3,1.3,1.3,0.7,0.1,2.1,0
"63","Shakira Austin",72141,"Rookie",36,32,21.6,8.7,3.4,6.2,"54.70%",3.4,6.2,"55.00%",0,0,"0.00%",1.9,3,"62.40%",1.8,4.7,6.4,0.9,1.5,0.8,0.8,2.3,0
"64","Han Xu",60471,"Rookie",32,0,16.8,8.5,3.4,6.9,"49.30%",2.9,5.8,"50.30%",0.5,1.1,"44.40%",1.2,1.5,"79.60%",1.2,2.4,3.6,0.9,0.7,0.5,0.7,1,0
"65","Rebekah Gardner",60471,"UFA",35,2,21.7,8.4,3.3,6.1,"54.20%",2.9,4.9,"58.70%",0.4,1.2,"35.70%",1.4,1.7,"80.00%",1.3,2,3.3,1.3,1.6,1.4,0.5,2.3,0
"66","Erica Wheeler",185400,NA,30,30,26.3,8.4,3.3,9.2,"35.50%",2.5,6.8,"36.50%",0.8,2.4,"32.90%",1,1.4,"75.60%",0.6,2.5,3.1,3.9,2.5,1.1,0.1,2.5,0
"67","Jessica Shepard",60471,NA,36,22,26.1,8.1,3,6,"50.00%",2.8,5.3,"53.10%",0.2,0.7,"25.00%",1.9,2.6,"73.40%",2,5.4,7.4,3,1.7,0.4,0.3,2.1,0
"68","Stefanie Dolson",160000,"UFA",36,36,23,8.1,3.1,6.4,"49.30%",2.4,4.5,"53.40%",0.7,1.8,"39.40%",1.1,1.2,"90.50%",1.2,3.6,4.8,1.8,1.6,0.4,0.8,3.1,0
"69","Alysha Clark",183000,"UFA",29,29,26.4,8,3.1,6.8,"46.40%",2.1,3.3,"62.90%",1,3.4,"30.30%",0.7,0.8,"91.30%",0.8,3.7,4.5,2,1.3,1,0.3,1.9,0
"70","Kayla Thornton",107040,NA,36,35,29.2,8,2.7,5.8,"46.90%",2,3.6,"55.40%",0.7,2.1,"32.50%",1.9,2.3,"82.90%",1.8,4.1,5.9,1.8,1.2,1.1,0.6,2.7,0
"71","Rachel Banham",72141,"UFA",36,5,17.5,7.9,2.8,6.5,"43.00%",1.2,2.4,"51.20%",1.6,4.1,"38.30%",0.7,0.8,"80.00%",0.1,1.3,1.3,2.3,1.3,0.3,0.1,1.7,0
"72","Sue Bird",72141,"UFA",31,31,26.4,7.8,2.7,6.8,"40.30%",0.9,2.2,"43.30%",1.8,4.6,"38.90%",0.5,0.5,"100.00%",0.2,1.7,1.9,6,1.9,1.2,0.1,0.7,0
"73","Gabby Williams",144000,NA,36,36,25.6,7.5,3,6.8,"44.40%",2.5,4.8,"52.00%",0.5,1.9,"25.70%",1,1.3,"77.80%",1.2,3.8,5,3.1,1.4,1.5,0.4,1.6,0
"74","Danielle Robinson",155000,"UFA",31,30,23.6,7.4,2.7,6.5,"41.90%",2.5,5.3,"46.60%",0.3,1.3,"22.50%",1.6,1.9,"85.00%",0.4,2.5,2.9,3.8,1.6,0.7,0.2,1.4,0
"75","Napheesa Collier",72141,NA,4,4,22.7,7.3,2.8,6.5,"42.30%",2.3,4.8,"47.40%",0.5,1.8,"28.60%",1.3,1.8,"71.40%",0.5,2.5,3,1,0.3,0.5,0.3,2.3,0
"76","Lexie Brown",72141,"RFA",34,16,25,7.1,2.7,6.2,"44.10%",1.2,2.3,"51.30%",1.6,3.9,"39.80%",0.1,0.2,"66.70%",0.2,2.1,2.3,2.1,0.8,1,0.2,1.3,0
"77","Queen Egbo",66306,"Rookie",34,31,21.2,7,2.8,6.3,"44.20%",2.8,6.3,"44.20%",0,0,NA,1.4,2.2,"64.50%",1.8,4.4,6.1,0.9,1.9,0.9,1.2,2.9,0
"78","Chiney Ogwumike",116390,"SuspCE",26,7,18.4,7,2.7,5.7,"46.60%",2.3,5,"46.90%",0.3,0.7,"44.40%",1.4,2,"70.60%",2,3.5,5.5,1.1,1.4,0.7,0.3,2.7,0
"79","Rebecca Allen",141000,"UFA",25,19,20.9,7,2.6,6.8,"37.90%",1.5,3.4,"44.20%",1,3.3,"31.30%",0.8,1,"83.30%",0.3,3,3.4,1.2,1,0.8,1,1.9,0
"80","Shatori Walker-Kimbrough",72141,"UFA",35,3,20.1,6.9,2.3,5.7,"40.20%",1.5,3.5,"43.50%",0.7,2.1,"34.70%",1.6,1.7,"90.20%",0.3,1.5,1.8,1.5,1.1,1.1,0.3,1.2,0
"81","Odyssey Sims",3750,"Hardship",7,0,20.8,6.9,2.4,7.6,"32.10%",1.9,5.4,"34.20%",0.6,2.1,"26.70%",1.4,2.1,"66.70%",0.3,1.6,1.9,2.9,1.7,1.1,0.3,1.6,0
"82","Odyssey Sims",2678,"Hardship",7,0,20.8,6.9,2.4,7.6,"32.10%",1.9,5.4,"34.20%",0.6,2.1,"26.70%",1.4,2.1,"66.70%",0.3,1.6,1.9,2.9,1.7,1.1,0.3,1.6,0
"83","Odyssey Sims",6428,"UFA",7,0,20.8,6.9,2.4,7.6,"32.10%",1.9,5.4,"34.20%",0.6,2.1,"26.70%",1.4,2.1,"66.70%",0.3,1.6,1.9,2.9,1.7,1.1,0.3,1.6,0
"84","Emma Cannon",50713,"UFA",24,2,14,6.8,2.5,4.8,"52.60%",2.1,4,"53.10%",0.4,0.8,"50.00%",1.5,2,"72.90%",0.9,2.2,3.1,0.5,0.7,0.6,0.1,2,0
"85","Emma Cannon",2143,"Hardship",24,2,14,6.8,2.5,4.8,"52.60%",2.1,4,"53.10%",0.4,0.8,"50.00%",1.5,2,"72.90%",0.9,2.2,3.1,0.5,0.7,0.6,0.1,2,0
"86","DiJonai Carrington",62774,"Rookie",36,2,17.5,6.8,2.3,5.6,"41.40%",1.8,3.9,"46.10%",0.5,1.7,"30.60%",1.6,2.1,"75.00%",1.1,2.1,3.1,1.1,1.6,0.8,0.1,1.9,0
"87","Riquna Williams",145000,"UFA",21,0,18,6.7,2.1,5.6,"38.10%",0.5,1.2,"44.00%",1.6,4.4,"36.60%",0.8,1,"76.20%",0.2,1.8,2,1.2,0.3,0.4,0.1,1.7,0
"88","Lindsay Allen",8571,"UFA",9,0,14.8,6.7,2.2,4.2,"52.60%",1.3,2.7,"50.00%",0.9,1.6,"57.10%",1.3,1.4,"92.30%",0,1.6,1.6,3.4,0.8,0.2,0,1.2,0
"89","Lindsay Allen",1607,"UFA",9,0,14.8,6.7,2.2,4.2,"52.60%",1.3,2.7,"50.00%",0.9,1.6,"57.10%",1.3,1.4,"92.30%",0,1.6,1.6,3.4,0.8,0.2,0,1.2,0
"90","Lindsay Allen",2678,"UFA",9,0,14.8,6.7,2.2,4.2,"52.60%",1.3,2.7,"50.00%",0.9,1.6,"57.10%",1.3,1.4,"92.30%",0,1.6,1.6,3.4,0.8,0.2,0,1.2,0
"91","Jasmine Thomas",190000,"UFA",5,5,21.8,6.6,1.6,6,"26.70%",0.6,3.4,"17.60%",1,2.6,"38.50%",2.4,2.6,"92.30%",0.4,1.8,2.2,3,1.4,0.6,0.2,1.4,0
"92","Kristy Wallace",63389,"Rookie",29,18,20.8,6.6,2.3,5.6,"40.70%",1.4,3.2,"43.60%",0.9,2.3,"36.80%",1.1,1.4,"78.60%",0.6,1.7,2.3,2.2,1.5,0.6,0.2,2,0
"93","Tiffany Mitchell",148400,NA,34,8,16.3,6.5,2.4,5.4,"45.10%",2.1,4.4,"46.40%",0.4,0.9,"38.70%",1.3,1.5,"86.50%",0.6,0.6,1.2,1.2,0.9,0.8,0.1,1.4,0
"94","Sami Whitcomb",150350,"RFA",35,6,21.3,6.5,2.1,5.7,"36.80%",0.4,0.9,"45.50%",1.7,4.8,"35.10%",0.6,0.7,"87.00%",0.3,2.1,2.3,2.3,1.4,0.7,0.1,1.6,0
"95","Monique Billings",140000,"RFA",23,8,17.4,6.5,2.4,5.1,"47.00%",2.4,5,"47.40%",0,0,"0.00%",1.7,2.2,"76.50%",2,4.4,6.3,1.1,1.3,0.8,0.3,2.3,0
"96","Nia Coffey",130000,"UFA",16,16,21,6.4,2.2,6.3,"34.70%",1.6,4.4,"37.10%",0.6,1.9,"29.00%",1.4,1.9,"74.20%",0.4,4.8,5.2,0.8,2.2,0.6,0.1,2.2,0
"97","Angel McCoughtry",69000,"UFA",2,2,9.9,6,1.5,4,"37.50%",1.5,3.5,"42.90%",0,0.5,"0.00%",3,3,"100.00%",0,3,3,1,1.5,0.5,1,1.5,0
"98","Katie Benzan",3592,"Hardship",3,0,8.9,6,1.7,3,"55.60%",0,0.7,"0.00%",1.7,2.3,"71.40%",1,1.3,"75.00%",0.3,0.3,0.7,0.3,0.7,0,0.3,2.3,0
"99","Nikolina Milic",31882,"Hardship",31,4,11.7,6,2.4,4.4,"54.80%",2.2,3.6,"60.20%",0.2,0.7,"27.30%",1,1.4,"73.80%",1.5,1.5,3,0.7,1.4,0.3,0.3,1.8,0
"100","Nikolina Milic",10477,"UFA",31,4,11.7,6,2.4,4.4,"54.80%",2.2,3.6,"60.20%",0.2,0.7,"27.30%",1,1.4,"73.80%",1.5,1.5,3,0.7,1.4,0.3,0.3,1.8,0
"101","Kristi Toliver",196100,NA,11,10,19.8,5.9,1.7,4.6,"37.30%",0.5,1.4,"40.00%",1.2,3.3,"36.10%",1.3,1.5,"87.50%",0,0.8,0.8,3.1,2.3,0.4,0,1.3,0
"102","Sparkle Taylor",3592,"Hardship",2,0,12.3,5.5,2.5,3,"83.30%",2.5,2.5,"100.00%",0,0.5,"0.00%",0.5,0.5,"100.00%",0,1,1,0,0.5,0,0,1.5,0
"103","Crystal Dangerfield",2694,"Hardship",33,27,21.5,5.5,2,5,"39.80%",1.3,2.9,"45.30%",0.7,2.2,"32.40%",0.8,1,"73.50%",0.4,1.6,2,2.6,0.9,0.5,0.1,1.3,0
"104","Crystal Dangerfield",16166,"Hardship",33,27,21.5,5.5,2,5,"39.80%",1.3,2.9,"45.30%",0.7,2.2,"32.40%",0.8,1,"73.50%",0.4,1.6,2,2.6,0.9,0.5,0.1,1.3,0
"105","Crystal Dangerfield",25745,"UFA",33,27,21.5,5.5,2,5,"39.80%",1.3,2.9,"45.30%",0.7,2.2,"32.40%",0.8,1,"73.50%",0.4,1.6,2,2.6,0.9,0.5,0.1,1.3,0
"106","Kennedy Burke",36428,NA,16,4,13.9,5.4,2.1,4.6,"44.60%",1.4,2.6,"52.40%",0.7,2,"34.40%",0.6,1.1,"58.80%",0.5,1.7,2.2,0.4,0.5,1,0.3,1.1,0
"107","Elizabeth Williams",90000,"UFA",30,0,14.9,5.4,2.3,4.7,"48.20%",2.3,4.7,"48.20%",0,0,NA,0.8,1.4,"58.10%",1.5,2.3,3.8,0.5,0.6,0.6,0.6,1.5,0
"108","Destanni Henderson",63389,"Rookie",36,5,16.4,5.3,2,4.9,"40.10%",1.3,2.9,"42.50%",0.7,2,"36.60%",0.6,0.9,"71.90%",0.8,0.8,1.6,2.5,1.7,0.8,0.1,0.9,0
"109","Natalie Achonwa",160000,"UFA",22,0,15.1,5.3,2.1,4.1,"51.60%",2.1,4,"52.80%",0,0.1,"0.00%",1,1.2,"81.50%",1.1,3,4.1,1.7,1,0.4,0.3,1.6,0
"110","Emily Engstler",72141,"Rookie",35,6,18.2,5.2,2.1,5.2,"39.60%",1.6,3.9,"40.90%",0.5,1.3,"35.60%",0.6,1.1,"55.30%",2.1,3.1,5.2,1.5,1.4,0.7,1.1,3.1,0
"111","Damiris Dantas",129150,NA,15,15,17.4,5.1,1.9,6.1,"30.40%",0.8,2.1,"38.70%",1.1,4.1,"26.20%",0.3,0.4,"83.30%",0.7,3.1,3.8,1.9,1.1,0.2,0.1,1.2,0
"112","Stephanie Talbot",72141,"RFA",34,1,16.1,5,1.9,4.1,"46.40%",1,1.9,"53.80%",0.9,2.1,"39.70%",0.4,0.7,"58.30%",0.7,2.5,3.1,1.3,1.1,0.7,0.3,1.3,0
"113","Tyasha Harris",73211,NA,35,5,15.8,5,2,4.7,"41.80%",1.5,3.2,"46.80%",0.5,1.5,"31.50%",0.5,0.7,"79.20%",0.2,0.7,0.9,2.8,1.1,0.4,0.1,1,0
"114","Tianna Hawkins",72141,"UFA",25,0,12.8,4.9,1.8,4.6,"38.60%",1.2,2.4,"49.20%",0.6,2.1,"26.40%",0.8,0.8,"95.20%",0.6,1.8,2.4,0.8,1.2,0.4,0.1,1.7,0
"115","Kaela Davis",2143,"Hardship",7,0,7.8,4.9,1.9,3,"61.90%",1.3,2.1,"60.00%",0.6,0.9,"66.70%",0.6,0.7,"80.00%",0.4,0.9,1.3,0.1,0.9,0.3,0,1.3,0
"116","Kaela Davis",5357,"Hardship",7,0,7.8,4.9,1.9,3,"61.90%",1.3,2.1,"60.00%",0.6,0.9,"66.70%",0.6,0.7,"80.00%",0.4,0.9,1.3,0.1,0.9,0.3,0,1.3,0
"117","Kaela Davis",7500,"UFA",7,0,7.8,4.9,1.9,3,"61.90%",1.3,2.1,"60.00%",0.6,0.9,"66.70%",0.6,0.7,"80.00%",0.4,0.9,1.3,0.1,0.9,0.3,0,1.3,0
"118","Kaela Davis",1607,"UFA",7,0,7.8,4.9,1.9,3,"61.90%",1.3,2.1,"60.00%",0.6,0.9,"66.70%",0.6,0.7,"80.00%",0.4,0.9,1.3,0.1,0.9,0.3,0,1.3,0
"119","Michaela Onyenwere",68552,"Rookie",34,1,13.7,4.7,1.4,3.8,"37.70%",1,2.4,"42.50%",0.4,1.5,"30.00%",1.4,1.6,"83.60%",0.4,1.7,2.1,0.4,0.7,0.4,0.2,2,0
"120","Destiny Slocum",4041,"Hardship",3,0,13.7,4.7,1.3,3.7,"36.40%",0.3,0.7,"50.00%",1,3,"33.30%",1,1.7,"60.00%",0,1.3,1.3,1.3,1.7,0,0,1.3,0
"121","Naz Hillmon",63389,"Rookie",34,12,19.8,4.4,1.7,3.6,"48.00%",1.7,3.6,"48.80%",0,0.1,"0.00%",0.9,1.1,"82.10%",1.5,3.5,5.1,1.2,1.2,0.6,0.3,1.5,0
"122","Alanna Smith",19285,"UFA",9,1,12.8,4.3,1.6,4.7,"33.30%",0.9,1.9,"47.10%",0.7,2.8,"24.00%",0.6,0.8,"71.40%",0.9,1.8,2.7,0.6,0.9,0.9,0.7,1.9,0
"123","Bridget Carleton",72141,"Reserved",36,2,16.8,4.3,1.5,3.7,"40.30%",0.7,1.4,"48.10%",0.8,2.3,"35.40%",0.5,0.7,"73.10%",0.3,1.8,2.1,1.1,0.6,0.4,0.1,1.6,0
"124","Brianna Turner",72141,NA,35,35,33.4,4.3,1.9,3.2,"60.70%",1.9,3.2,"60.70%",0,0,NA,0.4,0.9,"50.00%",2,4.8,6.8,2.3,1.4,1.3,1.6,2.3,0
"125","Dana Evans",62774,"Rookie",33,1,11.5,4.3,1.5,3.9,"37.70%",0.8,1.9,"42.90%",0.7,2,"32.80%",0.7,0.8,"88.00%",0.2,0.7,0.8,1.2,0.8,0.3,0.1,0.9,0
"126","Yvonne Turner",2143,"Hardship",9,2,15.4,4,1.3,4.1,"32.40%",1,3.3,"30.00%",0.3,0.8,"42.90%",1,1.2,"81.80%",0.3,1.2,1.6,2,1.4,0.3,0,1.3,0
"127","Olivia Nelson-Ododa",63389,"Rookie",30,6,14.5,4,1.6,2.8,"56.00%",1.6,2.8,"56.00%",0,0,NA,0.9,1.2,"70.30%",1.1,1.8,2.9,0.4,1,0.3,0.8,2.6,0
"128","Theresa Plaisance",72141,"UFA",31,2,12.9,4,1.4,3.7,"37.10%",0.4,0.9,"44.40%",1,2.9,"34.80%",0.2,0.3,"70.00%",0.5,2.1,2.6,0.5,0.6,0.3,0.4,1.3,0
"129","Yvonne Turner",5357,"Hardship",9,2,15.4,4,1.3,4.1,"32.40%",1,3.3,"30.00%",0.3,0.8,"42.90%",1,1.2,"81.80%",0.3,1.2,1.6,2,1.4,0.3,0,1.3,0
"130","Yvonne Turner",3750,"Hardship",9,2,15.4,4,1.3,4.1,"32.40%",1,3.3,"30.00%",0.3,0.8,"42.90%",1,1.2,"81.80%",0.3,1.2,1.6,2,1.4,0.3,0,1.3,0
"131","Epiphanny Prince",115000,"UFA",33,0,12.3,3.9,1.3,3.8,"35.50%",0.7,2,"35.40%",0.6,1.8,"35.60%",0.6,0.8,"84.00%",0.2,0.8,1,1.8,0.5,0.6,0.1,0.9,0
"132","Lexie Hull",69224,"Rookie",26,4,12.9,3.8,1.1,4,"26.70%",0.8,2.4,"32.30%",0.3,1.7,"18.60%",1.4,1.5,"90.00%",0.4,1.1,1.5,0.7,0.7,0.6,0.1,1.8,0
"133","Iliana Rupert",37420,"Rookie",17,0,13.1,3.8,1.5,3.2,"46.30%",0.6,0.9,"68.80%",0.8,2.2,"36.80%",0.1,0.2,"33.30%",0.6,1.6,2.3,0.9,0.5,0.4,0,2.1,0
"134","Jantel Lavender",114000,"UFA",27,4,12.2,3.8,1.7,4.1,"40.90%",1.5,3.2,"46.50%",0.2,0.9,"20.80%",0.3,0.4,"66.70%",1,2.3,3.3,0.9,0.9,0.1,0.1,1.1,0
"135","Jantel Lavender",72141,"UFA",27,4,12.2,3.8,1.7,4.1,"40.90%",1.5,3.2,"46.50%",0.2,0.9,"20.80%",0.3,0.4,"66.70%",1,2.3,3.3,0.9,0.9,0.1,0.1,1.1,0
"136","Megan Gustafson",72141,"UFA",33,0,9.6,3.8,1.5,2.8,"54.90%",1.2,2,"58.50%",0.4,0.8,"46.20%",0.4,0.5,"76.50%",0.5,1.4,1.9,0.5,0.7,0.2,0.2,1.9,0
"137","Briann January",140000,"UFA",36,5,16.9,3.7,1.3,3.4,"37.70%",0.6,1.3,"47.90%",0.6,2.1,"31.10%",0.5,0.6,"82.60%",0.2,0.8,1,2.4,1.5,0.6,0.2,1.6,0
"138","Alaina Coates",24999,"UFA",8,0,9.4,3.5,0.9,1.4,"63.60%",0.9,1.4,"63.60%",0,0,NA,1.8,1.9,"93.30%",0.8,1.3,2,0.3,0.6,0.3,0.4,2.3,0
"139","Jennie Simms",8083,"Hardship",23,4,13.2,3.4,1.3,2.7,"47.60%",1.1,1.9,"59.10%",0.2,0.8,"21.10%",0.7,0.8,"78.90%",0.6,1.7,2.2,0.9,1,0.5,0,1.7,0
"140","Jennie Simms",10477,"UFA",23,4,13.2,3.4,1.3,2.7,"47.60%",1.1,1.9,"59.10%",0.2,0.8,"21.10%",0.7,0.8,"78.90%",0.6,1.7,2.2,0.9,1,0.5,0,1.7,0
"141","Jennie Simms",12573,"UFA",23,4,13.2,3.4,1.3,2.7,"47.60%",1.1,1.9,"59.10%",0.2,0.8,"21.10%",0.7,0.8,"78.90%",0.6,1.7,2.2,0.9,1,0.5,0,1.7,0
"142","Megan Walker",24996,NA,12,0,9.6,3.3,1.2,3.2,"36.80%",0.6,1.6,"36.80%",0.6,1.6,"36.80%",0.3,0.5,"66.70%",0.3,0.5,0.8,0.4,1,0.3,0,0.7,0
"143","Yvonne Anderson",23350,"UFA",11,0,9.2,3.2,1.1,2.4,"46.20%",0.7,1.5,"50.00%",0.4,0.9,"40.00%",0.6,0.6,"100.00%",0.3,0.5,0.8,1.1,1,0.3,0.2,1.3,0
"144","Bria Hartley",23000,"UFA",13,0,9.5,3,1.1,2.8,"37.80%",0.5,1.5,"35.00%",0.5,1.3,"41.20%",0.3,0.5,"66.70%",0.1,0.8,0.9,1.1,0.8,0.3,0,0.5,0
"145","Bria Hartley",175911,NA,13,0,9.5,3,1.1,2.8,"37.80%",0.5,1.5,"35.00%",0.5,1.3,"41.20%",0.3,0.5,"66.70%",0.1,0.8,0.9,1.1,0.8,0.3,0,0.5,0
"146","Karlie Samuelson",3214,"Hardship",1,0,10.2,3,1,3,"33.30%",0,0,NA,1,3,"33.30%",0,0,NA,0,3,3,1,1,0,0,1,0
"147","Julie Allemand",61049,NA,25,4,16.1,3,1,2.4,"41.70%",0.6,1.2,"55.20%",0.4,1.2,"29.00%",0.6,0.7,"83.30%",0.4,1.2,1.6,3.4,1.3,0.6,0.1,0.9,0
"148","Evina Westbrook",26344,"UFA",20,2,10.2,2.8,1,2.7,"37.70%",0.8,1.7,"45.50%",0.3,1,"25.00%",0.6,0.8,"73.30%",0.1,1,1,1.2,0.8,0.4,0.4,0.9,0
"149","Evina Westbrook",12573,"UFA",20,2,10.2,2.8,1,2.7,"37.70%",0.8,1.7,"45.50%",0.3,1,"25.00%",0.6,0.8,"73.30%",0.1,1,1,1.2,0.8,0.4,0.4,0.9,0
"150","Evina Westbrook",16764,"UFA",20,2,10.2,2.8,1,2.7,"37.70%",0.8,1.7,"45.50%",0.3,1,"25.00%",0.6,0.8,"73.30%",0.1,1,1,1.2,0.8,0.4,0.4,0.9,0
"151","Awak Kuier",71441,"Rookie",33,0,12.6,2.8,1,2.6,"39.50%",0.9,2,"46.20%",0.1,0.6,"19.00%",0.6,0.9,"61.30%",0.7,1.8,2.5,0.9,0.6,0.4,0.9,0.8,0
"152","Kianna Smith",8382,"UFA",11,0,10.2,2.6,1,3.2,"31.40%",0.5,1.5,"35.30%",0.5,1.6,"27.80%",0.2,0.2,"100.00%",0.5,0.4,0.8,0.5,0.4,0.4,0,1,0
"153","Kianna Smith",9285,"UFA",11,0,10.2,2.6,1,3.2,"31.40%",0.5,1.5,"35.30%",0.5,1.6,"27.80%",0.2,0.2,"100.00%",0.5,0.4,0.8,0.5,0.4,0.4,0,1,0
"154","Jocelyn Willoughby",70127,NA,11,4,11,2.6,1,2.4,"42.30%",0.7,1.4,"53.30%",0.3,1,"27.30%",0.4,0.7,"50.00%",0.2,1.5,1.6,0.4,0.8,0.5,0.2,0.7,0
"155","Veronica Burton",69224,"Rookie",36,6,15.2,2.6,0.7,2.1,"32.90%",0.4,0.9,"39.40%",0.3,1.2,"27.90%",0.9,0.9,"100.00%",0.5,1,1.5,1.9,1,0.9,0.3,1.4,0
"156","Kia Vaughn",110000,"UFA",29,1,13.8,2.5,1.1,2.8,"40.00%",1.1,2.7,"40.50%",0,0,"0.00%",0.3,0.4,"69.20%",1,2.2,3.2,0.9,1.2,0.3,0.3,1.7,0
"157","Ruthy Hebard",73211,NA,24,0,9.7,2.3,1,2,"51.00%",1,2,"51.00%",0,0,NA,0.3,0.3,"75.00%",0.3,1.4,1.7,0.5,0.5,0.3,0.1,1.2,0
"158","DiDi Richards",62774,"Rookie",14,0,11.1,2.3,0.8,2.6,"30.60%",0.6,1.8,"32.00%",0.2,0.8,"27.30%",0.5,0.7,"70.00%",0.4,1.4,1.7,1.4,0.9,0.1,0.4,1.8,0
"159","Kiah Stokes",115000,"UFA",31,4,15.3,2.3,0.8,2,"42.60%",0.7,1.2,"56.80%",0.2,0.8,"20.80%",0.4,0.5,"81.30%",0.9,3.5,4.4,0.6,0.6,0.5,0.8,1.3,0
"160","Khayla Pointer",37121,"ROS",10,0,5.8,2.2,0.7,1.2,"58.30%",0.6,0.8,"75.00%",0.1,0.4,"25.00%",0.7,1.4,"50.00%",0.1,0.7,0.8,0.2,0.9,0.2,0,0.2,0
"161","Reshanda Gray",15000,"UFA",27,0,8.8,2.2,0.9,2.1,"43.90%",0.8,1.6,"51.20%",0.1,0.5,"21.40%",0.2,0.3,"66.70%",0.6,1.4,2,0.4,1,0.3,0.2,2.1,0
"162","Reshanda Gray",19999,"UFA",27,0,8.8,2.2,0.9,2.1,"43.90%",0.8,1.6,"51.20%",0.1,0.5,"21.40%",0.2,0.3,"66.70%",0.6,1.4,2,0.4,1,0.3,0.2,2.1,0
"163","Reshanda Gray",36428,"UFA",27,0,8.8,2.2,0.9,2.1,"43.90%",0.8,1.6,"51.20%",0.1,0.5,"21.40%",0.2,0.3,"66.70%",0.6,1.4,2,0.4,1,0.3,0.2,2.1,0
"164","Beatrice Mompremier",60471,"Reserved",21,0,8.3,2.1,1,2.1,"45.50%",1,2.1,"45.50%",0,0,NA,0.2,0.6,"38.50%",1,1.9,2.8,0.4,0.7,0.1,0.6,1.3,0
"165","Nia Clouden",66306,"Rookie",28,0,8.9,2.1,0.6,1.9,"34.00%",0.2,0.9,"25.00%",0.4,1,"41.40%",0.4,0.6,"58.80%",0.1,0.8,0.8,0.8,0.4,0.2,0,0.9,0
"166","Joyner Holmes",30535,"UFA",26,0,7.9,2,0.7,2.3,"31.10%",0.5,1.5,"35.90%",0.2,0.8,"22.70%",0.4,0.5,"76.90%",0.2,1.1,1.3,0.5,0.7,0.3,0.1,0.8,0
"167","Joyner Holmes",14968,"UFA",26,0,7.9,2,0.7,2.3,"31.10%",0.5,1.5,"35.90%",0.2,0.8,"22.70%",0.4,0.5,"76.90%",0.2,1.1,1.3,0.5,0.7,0.3,0.1,0.8,0
"168","Joyner Holmes",12573,"UFA",26,0,7.9,2,0.7,2.3,"31.10%",0.5,1.5,"35.90%",0.2,0.8,"22.70%",0.4,0.5,"76.90%",0.2,1.1,1.3,0.5,0.7,0.3,0.1,0.8,0
"169","Anneli Maley",8083,"Hardship",4,0,11.1,2,0.8,1.5,"50.00%",0.3,0.8,"33.30%",0.5,0.8,"66.70%",0,0,NA,0.8,1,1.8,0.8,0.3,0.8,0.3,1.5,0
"170","Charli Collier",71441,"Rookie",17,0,4.6,2,0.7,1.6,"44.40%",0.7,1.5,"48.00%",0,0.1,"0.00%",0.6,0.8,"71.40%",0.2,0.4,0.6,0.1,0.6,0.1,0,1.1,0
"171","Mercedes Russell",160000,"RFA",5,0,10.7,2,0.8,1.6,"50.00%",0.8,1.6,"50.00%",0,0,NA,0.4,0.6,"66.70%",0.4,1.4,1.8,0.2,1.4,0,0,1.4,0
"172","Rui Machida",60471,"UFA",36,2,12.9,1.8,0.7,2.3,"31.00%",0.5,1.4,"38.00%",0.2,0.9,"20.60%",0.2,0.3,"66.70%",0.2,0.9,1.1,2.6,1.1,0.4,0.1,0.7,0
"173","Stephanie Jones",3143,"Hardship",5,0,5.3,1.8,0.6,1.6,"37.50%",0.4,1.2,"33.30%",0.2,0.4,"50.00%",0.4,0.4,"100.00%",0.2,0.2,0.4,0.4,0,0.2,0,1,0
"174","Stephanie Jones",1796,"Hardship",5,0,5.3,1.8,0.6,1.6,"37.50%",0.4,1.2,"33.30%",0.2,0.4,"50.00%",0.4,0.4,"100.00%",0.2,0.2,0.4,0.4,0,0.2,0,1,0
"175","Li Yueru",60471,NA,16,0,5.1,1.8,0.5,1.1,"44.40%",0.5,1.1,"44.40%",0,0,NA,0.8,0.8,"100.00%",0.3,1.2,1.5,0.1,0.8,0.1,0.1,0.6,0
"176","Rae Burrell",66306,"Rookie",3,1,14.5,1.7,0.3,3,"11.10%",0,1,"0.00%",0.3,2,"16.70%",0.7,0.7,"100.00%",0.3,0.7,1,0.3,0.3,0.7,0,1.3,0
"177","Jasmine Walker",68552,"Rookie",32,1,8.8,1.6,0.6,2.4,"25.00%",0.3,0.8,"34.60%",0.3,1.6,"20.00%",0.1,0.1,"100.00%",0.4,1.1,1.5,0.2,0.5,0.2,0.1,0.9,0
"178","Sydney Colson",72141,"UFA",18,0,6.8,1.6,0.6,1.8,"31.30%",0.4,1.2,"33.30%",0.2,0.6,"27.30%",0.3,0.3,"100.00%",0.2,0.3,0.4,1,0.4,0.1,0,0.8,0
"179","Aisha Sheppard",63389,"Rookie",23,0,7.6,1.5,0.4,1.8,"23.80%",0,0.4,"11.10%",0.4,1.4,"27.30%",0.3,0.3,"75.00%",0.3,0.3,0.6,0.3,0.3,0.2,0,1.1,0
"180","Kristine Anigwe",36428,"UFA",10,1,6.5,1.5,0.5,1,"50.00%",0.5,1,"50.00%",0,0,NA,0.5,1,"50.00%",0.5,0.8,1.3,0.2,0.6,0.1,0.2,1.2,0
"181","Kamiah Smalls",4041,"Hardship",3,0,11.3,1.3,0.7,2.7,"25.00%",0.7,1.3,"50.00%",0,1.3,"0.00%",0,0,NA,0,1.7,1.7,2,1.3,1.3,0,2,0
"182","Kierstan Bell",66306,"Rookie",21,1,5.8,1.3,0.5,1.6,"30.30%",0.3,0.5,"63.60%",0.1,1,"13.60%",0.2,0.2,"100.00%",0.2,0.7,0.9,0.3,0.2,0.1,0.1,0.5,0
"183","Rennia Davis",1347,"Hardship",8,0,5.4,1.3,0.6,1.6,"38.50%",0.6,1.4,"45.50%",0,0.3,"0.00%",0,0,NA,0.4,0.6,1,0.1,0.4,0.3,0,0.4,0
"184","Rennia Davis",18560,"Hardship",8,0,5.4,1.3,0.6,1.6,"38.50%",0.6,1.4,"45.50%",0,0.3,"0.00%",0,0,NA,0.4,0.6,1,0.1,0.4,0.3,0,0.4,0
"185","Kiana Williams",3143,"UFA",4,0,7.3,1.3,0.5,2,"25.00%",0.3,1,"25.00%",0.3,1,"25.00%",0,0,NA,0,0.5,0.5,1.3,0.5,0,0,0.3,0
"186","Kiana Williams",4041,"Hardship",4,0,7.3,1.3,0.5,2,"25.00%",0.3,1,"25.00%",0.3,1,"25.00%",0,0,NA,0,0.5,0.5,1.3,0.5,0,0,0.3,0
"187","Jasmine Dickey",60471,"Rookie",20,0,4.7,1.1,0.4,1.7,"21.20%",0.3,1.5,"20.70%",0.1,0.2,"25.00%",0.3,0.5,"66.70%",0.3,0.3,0.6,0.1,0.3,0.2,0.1,0.5,0
"188","Jazmine Jones",6586,"ROS",8,0,5.8,0.8,0.3,1,"25.00%",0.3,0.6,"40.00%",0,0.4,"0.00%",0.3,0.6,"40.00%",0,0.3,0.3,0.1,0.4,0.3,0,0.6,0
"189","Jazmine Jones",12573,"UFA",8,0,5.8,0.8,0.3,1,"25.00%",0.3,0.6,"40.00%",0,0.4,"0.00%",0.3,0.6,"40.00%",0,0.3,0.3,0.1,0.4,0.3,0,0.6,0
"190","Amy Atwell",20955,"Rookie",4,1,7.9,0.8,0.3,2.3,"11.10%",0,0.8,"0.00%",0.3,1.5,"16.70%",0,0,NA,0.3,0.3,0.5,0.5,0.5,0,0,0.3,0
"191","Jazmine Jones",2994,"ROS",8,0,5.8,0.8,0.3,1,"25.00%",0.3,0.6,"40.00%",0,0.4,"0.00%",0.3,0.6,"40.00%",0,0.3,0.3,0.1,0.4,0.3,0,0.6,0
"192","Lorela Cubaj",63389,"Rookie",11,0,8,0.7,0.4,1.1,"33.30%",0.4,1.1,"33.30%",0,0,NA,0,0,NA,0.8,1.3,2.1,0.4,0.5,0,0.2,1.1,0
"193","Elissa Cunane",9878,"Hardship",3,0,3.3,0.7,0.3,0.7,"50.00%",0.3,0.3,"100.00%",0,0.3,"0.00%",0,0,NA,0.7,1,1.7,0,0.3,0,0,0.3,0
"194","Sam Thomas",60471,"UFA",24,0,4.9,0.4,0.2,0.8,"21.10%",0.1,0.2,"75.00%",0,0.6,"6.70%",0,0,"100.00%",0.1,0.1,0.2,0.3,0.2,0.3,0.1,0.5,0
"195","Kaila Charles",1796,"Hardship",1,0,2,0,0,0,NA,0,0,NA,0,0,NA,0,0,NA,0,0,0,0,0,0,0,1,0
"196","Tina Krajisnik",8532,"Hardship",2,0,2.7,0,0,0.5,"0.00%",0,0.5,"0.00%",0,0,NA,0,0,NA,0,0,0,1,0,0.5,0,1,0
"197","Kaila Charles",898,"Hardship",1,0,2,0,0,0,NA,0,0,NA,0,0,NA,0,0,NA,0,0,0,0,0,0,0,1,0
"198","Hannah Sjerven",4490,"Hardship",3,0,3,0,0,0.3,"0.00%",0,0.3,"0.00%",0,0,NA,0,0,NA,0,0,0,0,0,0,0.3,0.7,0
"199","Raina Perez",2245,"Hardship",1,0,2.3,0,0,0,NA,0,0,NA,0,0,NA,0,0,NA,0,0,0,1,0,0,0,0,0
"200","Brittney Griner",227900,NA,0,0,NA,NA,NA,NA,NA,NA,NA,NA,NA,NA,NA,NA,NA,NA,NA,NA,NA,NA,NA,NA,NA,NA,0
"201","Kia Nurse",73542,"RFA",0,0,NA,NA,NA,NA,NA,NA,NA,NA,NA,NA,NA,NA,NA,NA,NA,NA,NA,NA,NA,NA,NA,NA,0
"202",NA,NA,"",NA,NA,NA,NA,NA,NA,"",NA,NA,"",NA,NA,"",NA,NA,"",NA,NA,NA,NA,NA,NA,NA,NA,0
"203",NA,NA,"",NA,NA,NA,NA,NA,NA,"",NA,NA,"",NA,NA,"",NA,NA,"",NA,NA,NA,NA,NA,NA,NA,NA,0
"204",NA,NA,"",NA,NA,NA,NA,NA,NA,"",NA,NA,"",NA,NA,"",NA,NA,"",NA,NA,NA,NA,NA,NA,NA,NA,0
"205",NA,NA,"",NA,NA,NA,NA,NA,NA,"",NA,NA,"",NA,NA,"",NA,NA,"",NA,NA,NA,NA,NA,NA,NA,NA,0
"206",NA,NA,"",NA,NA,NA,NA,NA,NA,"",NA,NA,"",NA,NA,"",NA,NA,"",NA,NA,NA,NA,NA,NA,NA,NA,0
"207",NA,NA,"",NA,NA,NA,NA,NA,NA,"",NA,NA,"",NA,NA,"",NA,NA,"",NA,NA,NA,NA,NA,NA,NA,NA,0
"208",NA,NA,"",NA,NA,NA,NA,NA,NA,"",NA,NA,"",NA,NA,"",NA,NA,"",NA,NA,NA,NA,NA,NA,NA,NA,0
"209",NA,NA,"",NA,NA,NA,NA,NA,NA,"",NA,NA,"",NA,NA,"",NA,NA,"",NA,NA,NA,NA,NA,NA,NA,NA,0
"210",NA,NA,"",NA,NA,NA,NA,NA,NA,"",NA,NA,"",NA,NA,"",NA,NA,"",NA,NA,NA,NA,NA,NA,NA,NA,0
"211",NA,NA,"",NA,NA,NA,NA,NA,NA,"",NA,NA,"",NA,NA,"",NA,NA,"",NA,NA,NA,NA,NA,NA,NA,NA,0
"212",NA,NA,"",NA,NA,NA,NA,NA,NA,"",NA,NA,"",NA,NA,"",NA,NA,"",NA,NA,NA,NA,NA,NA,NA,NA,0
"213",NA,NA,"",NA,NA,NA,NA,NA,NA,"",NA,NA,"",NA,NA,"",NA,NA,"",NA,NA,NA,NA,NA,NA,NA,NA,0
"214",NA,NA,"",NA,NA,NA,NA,NA,NA,"",NA,NA,"",NA,NA,"",NA,NA,"",NA,NA,NA,NA,NA,NA,NA,NA,0
"215",NA,NA,"",NA,NA,NA,NA,NA,NA,"",NA,NA,"",NA,NA,"",NA,NA,"",NA,NA,NA,NA,NA,NA,NA,NA,0
"216",NA,NA,"",NA,NA,NA,NA,NA,NA,"",NA,NA,"",NA,NA,"",NA,NA,"",NA,NA,NA,NA,NA,NA,NA,NA,0
"217",NA,NA,"",NA,NA,NA,NA,NA,NA,"",NA,NA,"",NA,NA,"",NA,NA,"",NA,NA,NA,NA,NA,NA,NA,NA,0
"218",NA,NA,"",NA,NA,NA,NA,NA,NA,"",NA,NA,"",NA,NA,"",NA,NA,"",NA,NA,NA,NA,NA,NA,NA,NA,0
"219",NA,NA,"",NA,NA,NA,NA,NA,NA,"",NA,NA,"",NA,NA,"",NA,NA,"",NA,NA,NA,NA,NA,NA,NA,NA,0
"220",NA,NA,"",NA,NA,NA,NA,NA,NA,"",NA,NA,"",NA,NA,"",NA,NA,"",NA,NA,NA,NA,NA,NA,NA,NA,0
"221",NA,NA,"",NA,NA,NA,NA,NA,NA,"",NA,NA,"",NA,NA,"",NA,NA,"",NA,NA,NA,NA,NA,NA,NA,NA,0
"222",NA,NA,"",NA,NA,NA,NA,NA,NA,"",NA,NA,"",NA,NA,"",NA,NA,"",NA,NA,NA,NA,NA,NA,NA,NA,0
"223",NA,NA,"",NA,NA,NA,NA,NA,NA,"",NA,NA,"",NA,NA,"",NA,NA,"",NA,NA,NA,NA,NA,NA,NA,NA,0
"224",NA,NA,"",NA,NA,NA,NA,NA,NA,"",NA,NA,"",NA,NA,"",NA,NA,"",NA,NA,NA,NA,NA,NA,NA,NA,0
"225",NA,NA,"",NA,NA,NA,NA,NA,NA,"",NA,NA,"",NA,NA,"",NA,NA,"",NA,NA,NA,NA,NA,NA,NA,NA,0
"226",NA,NA,"",NA,NA,NA,NA,NA,NA,"",NA,NA,"",NA,NA,"",NA,NA,"",NA,NA,NA,NA,NA,NA,NA,NA,0
"227",NA,NA,"",NA,NA,NA,NA,NA,NA,"",NA,NA,"",NA,NA,"",NA,NA,"",NA,NA,NA,NA,NA,NA,NA,NA,0
"228",NA,NA,"",NA,NA,NA,NA,NA,NA,"",NA,NA,"",NA,NA,"",NA,NA,"",NA,NA,NA,NA,NA,NA,NA,NA,0
"229",NA,NA,"",NA,NA,NA,NA,NA,NA,"",NA,NA,"",NA,NA,"",NA,NA,"",NA,NA,NA,NA,NA,NA,NA,NA,0
"230",NA,NA,"",NA,NA,NA,NA,NA,NA,"",NA,NA,"",NA,NA,"",NA,NA,"",NA,NA,NA,NA,NA,NA,NA,NA,0
"231",NA,NA,"",NA,NA,NA,NA,NA,NA,"",NA,NA,"",NA,NA,"",NA,NA,"",NA,NA,NA,NA,NA,NA,NA,NA,0
"232",NA,NA,"",NA,NA,NA,NA,NA,NA,"",NA,NA,"",NA,NA,"",NA,NA,"",NA,NA,NA,NA,NA,NA,NA,NA,0
"233",NA,NA,"",NA,NA,NA,NA,NA,NA,"",NA,NA,"",NA,NA,"",NA,NA,"",NA,NA,NA,NA,NA,NA,NA,NA,0
"234",NA,NA,"",NA,NA,NA,NA,NA,NA,"",NA,NA,"",NA,NA,"",NA,NA,"",NA,NA,NA,NA,NA,NA,NA,NA,0
"235",NA,NA,"",NA,NA,NA,NA,NA,NA,"",NA,NA,"",NA,NA,"",NA,NA,"",NA,NA,NA,NA,NA,NA,NA,NA,0
"236",NA,NA,"",NA,NA,NA,NA,NA,NA,"",NA,NA,"",NA,NA,"",NA,NA,"",NA,NA,NA,NA,NA,NA,NA,NA,0
"237",NA,NA,"",NA,NA,NA,NA,NA,NA,"",NA,NA,"",NA,NA,"",NA,NA,"",NA,NA,NA,NA,NA,NA,NA,NA,0
"238",NA,NA,"",NA,NA,NA,NA,NA,NA,"",NA,NA,"",NA,NA,"",NA,NA,"",NA,NA,NA,NA,NA,NA,NA,NA,0
"239",NA,NA,"",NA,NA,NA,NA,NA,NA,"",NA,NA,"",NA,NA,"",NA,NA,"",NA,NA,NA,NA,NA,NA,NA,NA,0
"240",NA,NA,"",NA,NA,NA,NA,NA,NA,"",NA,NA,"",NA,NA,"",NA,NA,"",NA,NA,NA,NA,NA,NA,NA,NA,0
"241",NA,NA,"",NA,NA,NA,NA,NA,NA,"",NA,NA,"",NA,NA,"",NA,NA,"",NA,NA,NA,NA,NA,NA,NA,NA,0
"242",NA,NA,"",NA,NA,NA,NA,NA,NA,"",NA,NA,"",NA,NA,"",NA,NA,"",NA,NA,NA,NA,NA,NA,NA,NA,0
"243",NA,NA,"",NA,NA,NA,NA,NA,NA,"",NA,NA,"",NA,NA,"",NA,NA,"",NA,NA,NA,NA,NA,NA,NA,NA,0
"244",NA,NA,"",NA,NA,NA,NA,NA,NA,"",NA,NA,"",NA,NA,"",NA,NA,"",NA,NA,NA,NA,NA,NA,NA,NA,0
"245",NA,NA,"",NA,NA,NA,NA,NA,NA,"",NA,NA,"",NA,NA,"",NA,NA,"",NA,NA,NA,NA,NA,NA,NA,NA,0
"246",NA,NA,"",NA,NA,NA,NA,NA,NA,"",NA,NA,"",NA,NA,"",NA,NA,"",NA,NA,NA,NA,NA,NA,NA,NA,0
"247",NA,NA,"",NA,NA,NA,NA,NA,NA,"",NA,NA,"",NA,NA,"",NA,NA,"",NA,NA,NA,NA,NA,NA,NA,NA,0
"248",NA,NA,"",NA,NA,NA,NA,NA,NA,"",NA,NA,"",NA,NA,"",NA,NA,"",NA,NA,NA,NA,NA,NA,NA,NA,0
"249",NA,NA,"",NA,NA,NA,NA,NA,NA,"",NA,NA,"",NA,NA,"",NA,NA,"",NA,NA,NA,NA,NA,NA,NA,NA,0
"250",NA,NA,"",NA,NA,NA,NA,NA,NA,"",NA,NA,"",NA,NA,"",NA,NA,"",NA,NA,NA,NA,NA,NA,NA,NA,0
"251",NA,NA,"",NA,NA,NA,NA,NA,NA,"",NA,NA,"",NA,NA,"",NA,NA,"",NA,NA,NA,NA,NA,NA,NA,NA,0
"252",NA,NA,"",NA,NA,NA,NA,NA,NA,"",NA,NA,"",NA,NA,"",NA,NA,"",NA,NA,NA,NA,NA,NA,NA,NA,0
"253",NA,NA,"",NA,NA,NA,NA,NA,NA,"",NA,NA,"",NA,NA,"",NA,NA,"",NA,NA,NA,NA,NA,NA,NA,NA,0
"254",NA,NA,"",NA,NA,NA,NA,NA,NA,"",NA,NA,"",NA,NA,"",NA,NA,"",NA,NA,NA,NA,NA,NA,NA,NA,0
"255",NA,NA,"",NA,NA,NA,NA,NA,NA,"",NA,NA,"",NA,NA,"",NA,NA,"",NA,NA,NA,NA,NA,NA,NA,NA,0
"256",NA,NA,"",NA,NA,NA,NA,NA,NA,"",NA,NA,"",NA,NA,"",NA,NA,"",NA,NA,NA,NA,NA,NA,NA,NA,0
"257",NA,NA,"",NA,NA,NA,NA,NA,NA,"",NA,NA,"",NA,NA,"",NA,NA,"",NA,NA,NA,NA,NA,NA,NA,NA,0
"258",NA,NA,"",NA,NA,NA,NA,NA,NA,"",NA,NA,"",NA,NA,"",NA,NA,"",NA,NA,NA,NA,NA,NA,NA,NA,0
"259",NA,NA,"",NA,NA,NA,NA,NA,NA,"",NA,NA,"",NA,NA,"",NA,NA,"",NA,NA,NA,NA,NA,NA,NA,NA,0
"260",NA,NA,"",NA,NA,NA,NA,NA,NA,"",NA,NA,"",NA,NA,"",NA,NA,"",NA,NA,NA,NA,NA,NA,NA,NA,0
"261",NA,NA,"",NA,NA,NA,NA,NA,NA,"",NA,NA,"",NA,NA,"",NA,NA,"",NA,NA,NA,NA,NA,NA,NA,NA,0
"262",NA,NA,"",NA,NA,NA,NA,NA,NA,"",NA,NA,"",NA,NA,"",NA,NA,"",NA,NA,NA,NA,NA,NA,NA,NA,0
"263",NA,NA,"",NA,NA,NA,NA,NA,NA,"",NA,NA,"",NA,NA,"",NA,NA,"",NA,NA,NA,NA,NA,NA,NA,NA,0
"264",NA,NA,"",NA,NA,NA,NA,NA,NA,"",NA,NA,"",NA,NA,"",NA,NA,"",NA,NA,NA,NA,NA,NA,NA,NA,0
"265",NA,NA,"",NA,NA,NA,NA,NA,NA,"",NA,NA,"",NA,NA,"",NA,NA,"",NA,NA,NA,NA,NA,NA,NA,NA,0
"266",NA,NA,"",NA,NA,NA,NA,NA,NA,"",NA,NA,"",NA,NA,"",NA,NA,"",NA,NA,NA,NA,NA,NA,NA,NA,0
"267",NA,NA,"",NA,NA,NA,NA,NA,NA,"",NA,NA,"",NA,NA,"",NA,NA,"",NA,NA,NA,NA,NA,NA,NA,NA,0
"268",NA,NA,"",NA,NA,NA,NA,NA,NA,"",NA,NA,"",NA,NA,"",NA,NA,"",NA,NA,NA,NA,NA,NA,NA,NA,0
"269",NA,NA,"",NA,NA,NA,NA,NA,NA,"",NA,NA,"",NA,NA,"",NA,NA,"",NA,NA,NA,NA,NA,NA,NA,NA,0
"270",NA,NA,"",NA,NA,NA,NA,NA,NA,"",NA,NA,"",NA,NA,"",NA,NA,"",NA,NA,NA,NA,NA,NA,NA,NA,0
"271",NA,NA,"",NA,NA,NA,NA,NA,NA,"",NA,NA,"",NA,NA,"",NA,NA,"",NA,NA,NA,NA,NA,NA,NA,NA,0
"272",NA,NA,"",NA,NA,NA,NA,NA,NA,"",NA,NA,"",NA,NA,"",NA,NA,"",NA,NA,NA,NA,NA,NA,NA,NA,0
"273",NA,NA,"",NA,NA,NA,NA,NA,NA,"",NA,NA,"",NA,NA,"",NA,NA,"",NA,NA,NA,NA,NA,NA,NA,NA,0
"274",NA,NA,"",NA,NA,NA,NA,NA,NA,"",NA,NA,"",NA,NA,"",NA,NA,"",NA,NA,NA,NA,NA,NA,NA,NA,0
"275",NA,NA,"",NA,NA,NA,NA,NA,NA,"",NA,NA,"",NA,NA,"",NA,NA,"",NA,NA,NA,NA,NA,NA,NA,NA,0
"276",NA,NA,"",NA,NA,NA,NA,NA,NA,"",NA,NA,"",NA,NA,"",NA,NA,"",NA,NA,NA,NA,NA,NA,NA,NA,0
"277",NA,NA,"",NA,NA,NA,NA,NA,NA,"",NA,NA,"",NA,NA,"",NA,NA,"",NA,NA,NA,NA,NA,NA,NA,NA,0
"278",NA,NA,"",NA,NA,NA,NA,NA,NA,"",NA,NA,"",NA,NA,"",NA,NA,"",NA,NA,NA,NA,NA,NA,NA,NA,0
"279",NA,NA,"",NA,NA,NA,NA,NA,NA,"",NA,NA,"",NA,NA,"",NA,NA,"",NA,NA,NA,NA,NA,NA,NA,NA,0
"280",NA,NA,"",NA,NA,NA,NA,NA,NA,"",NA,NA,"",NA,NA,"",NA,NA,"",NA,NA,NA,NA,NA,NA,NA,NA,0
"281",NA,NA,"",NA,NA,NA,NA,NA,NA,"",NA,NA,"",NA,NA,"",NA,NA,"",NA,NA,NA,NA,NA,NA,NA,NA,0
"282",NA,NA,"",NA,NA,NA,NA,NA,NA,"",NA,NA,"",NA,NA,"",NA,NA,"",NA,NA,NA,NA,NA,NA,NA,NA,0
"283",NA,NA,"",NA,NA,NA,NA,NA,NA,"",NA,NA,"",NA,NA,"",NA,NA,"",NA,NA,NA,NA,NA,NA,NA,NA,0
"284",NA,NA,"",NA,NA,NA,NA,NA,NA,"",NA,NA,"",NA,NA,"",NA,NA,"",NA,NA,NA,NA,NA,NA,NA,NA,0
"285",NA,NA,"",NA,NA,NA,NA,NA,NA,"",NA,NA,"",NA,NA,"",NA,NA,"",NA,NA,NA,NA,NA,NA,NA,NA,0
"286",NA,NA,"",NA,NA,NA,NA,NA,NA,"",NA,NA,"",NA,NA,"",NA,NA,"",NA,NA,NA,NA,NA,NA,NA,NA,0
"287",NA,NA,"",NA,NA,NA,NA,NA,NA,"",NA,NA,"",NA,NA,"",NA,NA,"",NA,NA,NA,NA,NA,NA,NA,NA,0
"288",NA,NA,"",NA,NA,NA,NA,NA,NA,"",NA,NA,"",NA,NA,"",NA,NA,"",NA,NA,NA,NA,NA,NA,NA,NA,0
"289",NA,NA,"",NA,NA,NA,NA,NA,NA,"",NA,NA,"",NA,NA,"",NA,NA,"",NA,NA,NA,NA,NA,NA,NA,NA,0
"290",NA,NA,"",NA,NA,NA,NA,NA,NA,"",NA,NA,"",NA,NA,"",NA,NA,"",NA,NA,NA,NA,NA,NA,NA,NA,0
"291",NA,NA,"",NA,NA,NA,NA,NA,NA,"",NA,NA,"",NA,NA,"",NA,NA,"",NA,NA,NA,NA,NA,NA,NA,NA,0
"292",NA,NA,"",NA,NA,NA,NA,NA,NA,"",NA,NA,"",NA,NA,"",NA,NA,"",NA,NA,NA,NA,NA,NA,NA,NA,0
"293",NA,NA,"",NA,NA,NA,NA,NA,NA,"",NA,NA,"",NA,NA,"",NA,NA,"",NA,NA,NA,NA,NA,NA,NA,NA,0
"294",NA,NA,"",NA,NA,NA,NA,NA,NA,"",NA,NA,"",NA,NA,"",NA,NA,"",NA,NA,NA,NA,NA,NA,NA,NA,0
"295",NA,NA,"",NA,NA,NA,NA,NA,NA,"",NA,NA,"",NA,NA,"",NA,NA,"",NA,NA,NA,NA,NA,NA,NA,NA,0
"296",NA,NA,"",NA,NA,NA,NA,NA,NA,"",NA,NA,"",NA,NA,"",NA,NA,"",NA,NA,NA,NA,NA,NA,NA,NA,0
"297",NA,NA,"",NA,NA,NA,NA,NA,NA,"",NA,NA,"",NA,NA,"",NA,NA,"",NA,NA,NA,NA,NA,NA,NA,NA,0
"298",NA,NA,"",NA,NA,NA,NA,NA,NA,"",NA,NA,"",NA,NA,"",NA,NA,"",NA,NA,NA,NA,NA,NA,NA,NA,0
"299",NA,NA,"",NA,NA,NA,NA,NA,NA,"",NA,NA,"",NA,NA,"",NA,NA,"",NA,NA,NA,NA,NA,NA,NA,NA,0
"300",NA,NA,"",NA,NA,NA,NA,NA,NA,"",NA,NA,"",NA,NA,"",NA,NA,"",NA,NA,NA,NA,NA,NA,NA,NA,0
"301",NA,NA,"",NA,NA,NA,NA,NA,NA,"",NA,NA,"",NA,NA,"",NA,NA,"",NA,NA,NA,NA,NA,NA,NA,NA,0
"302",NA,NA,"",NA,NA,NA,NA,NA,NA,"",NA,NA,"",NA,NA,"",NA,NA,"",NA,NA,NA,NA,NA,NA,NA,NA,0
"303",NA,NA,"",NA,NA,NA,NA,NA,NA,"",NA,NA,"",NA,NA,"",NA,NA,"",NA,NA,NA,NA,NA,NA,NA,NA,0
"304",NA,NA,"",NA,NA,NA,NA,NA,NA,"",NA,NA,"",NA,NA,"",NA,NA,"",NA,NA,NA,NA,NA,NA,NA,NA,0
"305",NA,NA,"",NA,NA,NA,NA,NA,NA,"",NA,NA,"",NA,NA,"",NA,NA,"",NA,NA,NA,NA,NA,NA,NA,NA,0
"306",NA,NA,"",NA,NA,NA,NA,NA,NA,"",NA,NA,"",NA,NA,"",NA,NA,"",NA,NA,NA,NA,NA,NA,NA,NA,0
"307",NA,NA,"",NA,NA,NA,NA,NA,NA,"",NA,NA,"",NA,NA,"",NA,NA,"",NA,NA,NA,NA,NA,NA,NA,NA,0
"308",NA,NA,"",NA,NA,NA,NA,NA,NA,"",NA,NA,"",NA,NA,"",NA,NA,"",NA,NA,NA,NA,NA,NA,NA,NA,0
"309",NA,NA,"",NA,NA,NA,NA,NA,NA,"",NA,NA,"",NA,NA,"",NA,NA,"",NA,NA,NA,NA,NA,NA,NA,NA,0
"310",NA,NA,"",NA,NA,NA,NA,NA,NA,"",NA,NA,"",NA,NA,"",NA,NA,"",NA,NA,NA,NA,NA,NA,NA,NA,0
"311",NA,NA,"",NA,NA,NA,NA,NA,NA,"",NA,NA,"",NA,NA,"",NA,NA,"",NA,NA,NA,NA,NA,NA,NA,NA,0
"312",NA,NA,"",NA,NA,NA,NA,NA,NA,"",NA,NA,"",NA,NA,"",NA,NA,"",NA,NA,NA,NA,NA,NA,NA,NA,0
"313",NA,NA,"",NA,NA,NA,NA,NA,NA,"",NA,NA,"",NA,NA,"",NA,NA,"",NA,NA,NA,NA,NA,NA,NA,NA,0
"314",NA,NA,"",NA,NA,NA,NA,NA,NA,"",NA,NA,"",NA,NA,"",NA,NA,"",NA,NA,NA,NA,NA,NA,NA,NA,0
"315",NA,NA,"",NA,NA,NA,NA,NA,NA,"",NA,NA,"",NA,NA,"",NA,NA,"",NA,NA,NA,NA,NA,NA,NA,NA,0
"316",NA,NA,"",NA,NA,NA,NA,NA,NA,"",NA,NA,"",NA,NA,"",NA,NA,"",NA,NA,NA,NA,NA,NA,NA,NA,0
"317",NA,NA,"",NA,NA,NA,NA,NA,NA,"",NA,NA,"",NA,NA,"",NA,NA,"",NA,NA,NA,NA,NA,NA,NA,NA,0
"318",NA,NA,"",NA,NA,NA,NA,NA,NA,"",NA,NA,"",NA,NA,"",NA,NA,"",NA,NA,NA,NA,NA,NA,NA,NA,0
"319",NA,NA,"",NA,NA,NA,NA,NA,NA,"",NA,NA,"",NA,NA,"",NA,NA,"",NA,NA,NA,NA,NA,NA,NA,NA,0
"320",NA,NA,"",NA,NA,NA,NA,NA,NA,"",NA,NA,"",NA,NA,"",NA,NA,"",NA,NA,NA,NA,NA,NA,NA,NA,0
"321",NA,NA,"",NA,NA,NA,NA,NA,NA,"",NA,NA,"",NA,NA,"",NA,NA,"",NA,NA,NA,NA,NA,NA,NA,NA,0
"322",NA,NA,"",NA,NA,NA,NA,NA,NA,"",NA,NA,"",NA,NA,"",NA,NA,"",NA,NA,NA,NA,NA,NA,NA,NA,0
"323",NA,NA,"",NA,NA,NA,NA,NA,NA,"",NA,NA,"",NA,NA,"",NA,NA,"",NA,NA,NA,NA,NA,NA,NA,NA,0
"324",NA,NA,"",NA,NA,NA,NA,NA,NA,"",NA,NA,"",NA,NA,"",NA,NA,"",NA,NA,NA,NA,NA,NA,NA,NA,0
"325",NA,NA,"",NA,NA,NA,NA,NA,NA,"",NA,NA,"",NA,NA,"",NA,NA,"",NA,NA,NA,NA,NA,NA,NA,NA,0
"326",NA,NA,"",NA,NA,NA,NA,NA,NA,"",NA,NA,"",NA,NA,"",NA,NA,"",NA,NA,NA,NA,NA,NA,NA,NA,0
"327",NA,NA,"",NA,NA,NA,NA,NA,NA,"",NA,NA,"",NA,NA,"",NA,NA,"",NA,NA,NA,NA,NA,NA,NA,NA,0
"328",NA,NA,"",NA,NA,NA,NA,NA,NA,"",NA,NA,"",NA,NA,"",NA,NA,"",NA,NA,NA,NA,NA,NA,NA,NA,0
"329",NA,NA,"",NA,NA,NA,NA,NA,NA,"",NA,NA,"",NA,NA,"",NA,NA,"",NA,NA,NA,NA,NA,NA,NA,NA,0
"330",NA,NA,"",NA,NA,NA,NA,NA,NA,"",NA,NA,"",NA,NA,"",NA,NA,"",NA,NA,NA,NA,NA,NA,NA,NA,0
"331",NA,NA,"",NA,NA,NA,NA,NA,NA,"",NA,NA,"",NA,NA,"",NA,NA,"",NA,NA,NA,NA,NA,NA,NA,NA,0
"332",NA,NA,"",NA,NA,NA,NA,NA,NA,"",NA,NA,"",NA,NA,"",NA,NA,"",NA,NA,NA,NA,NA,NA,NA,NA,0
"333",NA,NA,"",NA,NA,NA,NA,NA,NA,"",NA,NA,"",NA,NA,"",NA,NA,"",NA,NA,NA,NA,NA,NA,NA,NA,0
"334",NA,NA,"",NA,NA,NA,NA,NA,NA,"",NA,NA,"",NA,NA,"",NA,NA,"",NA,NA,NA,NA,NA,NA,NA,NA,0
"335",NA,NA,"",NA,NA,NA,NA,NA,NA,"",NA,NA,"",NA,NA,"",NA,NA,"",NA,NA,NA,NA,NA,NA,NA,NA,0
"336",NA,NA,"",NA,NA,NA,NA,NA,NA,"",NA,NA,"",NA,NA,"",NA,NA,"",NA,NA,NA,NA,NA,NA,NA,NA,0
"337",NA,NA,"",NA,NA,NA,NA,NA,NA,"",NA,NA,"",NA,NA,"",NA,NA,"",NA,NA,NA,NA,NA,NA,NA,NA,0
"338",NA,NA,"",NA,NA,NA,NA,NA,NA,"",NA,NA,"",NA,NA,"",NA,NA,"",NA,NA,NA,NA,NA,NA,NA,NA,0
"339",NA,NA,"",NA,NA,NA,NA,NA,NA,"",NA,NA,"",NA,NA,"",NA,NA,"",NA,NA,NA,NA,NA,NA,NA,NA,0
"340",NA,NA,"",NA,NA,NA,NA,NA,NA,"",NA,NA,"",NA,NA,"",NA,NA,"",NA,NA,NA,NA,NA,NA,NA,NA,0
"341",NA,NA,"",NA,NA,NA,NA,NA,NA,"",NA,NA,"",NA,NA,"",NA,NA,"",NA,NA,NA,NA,NA,NA,NA,NA,0
"342",NA,NA,"",NA,NA,NA,NA,NA,NA,"",NA,NA,"",NA,NA,"",NA,NA,"",NA,NA,NA,NA,NA,NA,NA,NA,0
"343",NA,NA,"",NA,NA,NA,NA,NA,NA,"",NA,NA,"",NA,NA,"",NA,NA,"",NA,NA,NA,NA,NA,NA,NA,NA,0
"344",NA,NA,"",NA,NA,NA,NA,NA,NA,"",NA,NA,"",NA,NA,"",NA,NA,"",NA,NA,NA,NA,NA,NA,NA,NA,0
"345",NA,NA,"",NA,NA,NA,NA,NA,NA,"",NA,NA,"",NA,NA,"",NA,NA,"",NA,NA,NA,NA,NA,NA,NA,NA,0
"346",NA,NA,"",NA,NA,NA,NA,NA,NA,"",NA,NA,"",NA,NA,"",NA,NA,"",NA,NA,NA,NA,NA,NA,NA,NA,0
"347",NA,NA,"",NA,NA,NA,NA,NA,NA,"",NA,NA,"",NA,NA,"",NA,NA,"",NA,NA,NA,NA,NA,NA,NA,NA,0
"348",NA,NA,"",NA,NA,NA,NA,NA,NA,"",NA,NA,"",NA,NA,"",NA,NA,"",NA,NA,NA,NA,NA,NA,NA,NA,0
"349",NA,NA,"",NA,NA,NA,NA,NA,NA,"",NA,NA,"",NA,NA,"",NA,NA,"",NA,NA,NA,NA,NA,NA,NA,NA,0
"350",NA,NA,"",NA,NA,NA,NA,NA,NA,"",NA,NA,"",NA,NA,"",NA,NA,"",NA,NA,NA,NA,NA,NA,NA,NA,0
"351",NA,NA,"",NA,NA,NA,NA,NA,NA,"",NA,NA,"",NA,NA,"",NA,NA,"",NA,NA,NA,NA,NA,NA,NA,NA,0
"352",NA,NA,"",NA,NA,NA,NA,NA,NA,"",NA,NA,"",NA,NA,"",NA,NA,"",NA,NA,NA,NA,NA,NA,NA,NA,0
"353",NA,NA,"",NA,NA,NA,NA,NA,NA,"",NA,NA,"",NA,NA,"",NA,NA,"",NA,NA,NA,NA,NA,NA,NA,NA,0
"354",NA,NA,"",NA,NA,NA,NA,NA,NA,"",NA,NA,"",NA,NA,"",NA,NA,"",NA,NA,NA,NA,NA,NA,NA,NA,0
"355",NA,NA,"",NA,NA,NA,NA,NA,NA,"",NA,NA,"",NA,NA,"",NA,NA,"",NA,NA,NA,NA,NA,NA,NA,NA,0
"356",NA,NA,"",NA,NA,NA,NA,NA,NA,"",NA,NA,"",NA,NA,"",NA,NA,"",NA,NA,NA,NA,NA,NA,NA,NA,0
"357",NA,NA,"",NA,NA,NA,NA,NA,NA,"",NA,NA,"",NA,NA,"",NA,NA,"",NA,NA,NA,NA,NA,NA,NA,NA,0
"358",NA,NA,"",NA,NA,NA,NA,NA,NA,"",NA,NA,"",NA,NA,"",NA,NA,"",NA,NA,NA,NA,NA,NA,NA,NA,0
"359",NA,NA,"",NA,NA,NA,NA,NA,NA,"",NA,NA,"",NA,NA,"",NA,NA,"",NA,NA,NA,NA,NA,NA,NA,NA,0
"360",NA,NA,"",NA,NA,NA,NA,NA,NA,"",NA,NA,"",NA,NA,"",NA,NA,"",NA,NA,NA,NA,NA,NA,NA,NA,0
"361",NA,NA,"",NA,NA,NA,NA,NA,NA,"",NA,NA,"",NA,NA,"",NA,NA,"",NA,NA,NA,NA,NA,NA,NA,NA,0
"362",NA,NA,"",NA,NA,NA,NA,NA,NA,"",NA,NA,"",NA,NA,"",NA,NA,"",NA,NA,NA,NA,NA,NA,NA,NA,0
"363",NA,NA,"",NA,NA,NA,NA,NA,NA,"",NA,NA,"",NA,NA,"",NA,NA,"",NA,NA,NA,NA,NA,NA,NA,NA,0
"364",NA,NA,"",NA,NA,NA,NA,NA,NA,"",NA,NA,"",NA,NA,"",NA,NA,"",NA,NA,NA,NA,NA,NA,NA,NA,0
"365",NA,NA,"",NA,NA,NA,NA,NA,NA,"",NA,NA,"",NA,NA,"",NA,NA,"",NA,NA,NA,NA,NA,NA,NA,NA,0
"366",NA,NA,"",NA,NA,NA,NA,NA,NA,"",NA,NA,"",NA,NA,"",NA,NA,"",NA,NA,NA,NA,NA,NA,NA,NA,0
"367",NA,NA,"",NA,NA,NA,NA,NA,NA,"",NA,NA,"",NA,NA,"",NA,NA,"",NA,NA,NA,NA,NA,NA,NA,NA,0
"368",NA,NA,"",NA,NA,NA,NA,NA,NA,"",NA,NA,"",NA,NA,"",NA,NA,"",NA,NA,NA,NA,NA,NA,NA,NA,0
"369",NA,NA,"",NA,NA,NA,NA,NA,NA,"",NA,NA,"",NA,NA,"",NA,NA,"",NA,NA,NA,NA,NA,NA,NA,NA,0
"370",NA,NA,"",NA,NA,NA,NA,NA,NA,"",NA,NA,"",NA,NA,"",NA,NA,"",NA,NA,NA,NA,NA,NA,NA,NA,0
"371",NA,NA,"",NA,NA,NA,NA,NA,NA,"",NA,NA,"",NA,NA,"",NA,NA,"",NA,NA,NA,NA,NA,NA,NA,NA,0
"372",NA,NA,"",NA,NA,NA,NA,NA,NA,"",NA,NA,"",NA,NA,"",NA,NA,"",NA,NA,NA,NA,NA,NA,NA,NA,0
"373",NA,NA,"",NA,NA,NA,NA,NA,NA,"",NA,NA,"",NA,NA,"",NA,NA,"",NA,NA,NA,NA,NA,NA,NA,NA,0
"374",NA,NA,"",NA,NA,NA,NA,NA,NA,"",NA,NA,"",NA,NA,"",NA,NA,"",NA,NA,NA,NA,NA,NA,NA,NA,0
"375",NA,NA,"",NA,NA,NA,NA,NA,NA,"",NA,NA,"",NA,NA,"",NA,NA,"",NA,NA,NA,NA,NA,NA,NA,NA,0
"376",NA,NA,"",NA,NA,NA,NA,NA,NA,"",NA,NA,"",NA,NA,"",NA,NA,"",NA,NA,NA,NA,NA,NA,NA,NA,0
"377",NA,NA,"",NA,NA,NA,NA,NA,NA,"",NA,NA,"",NA,NA,"",NA,NA,"",NA,NA,NA,NA,NA,NA,NA,NA,0
"378",NA,NA,"",NA,NA,NA,NA,NA,NA,"",NA,NA,"",NA,NA,"",NA,NA,"",NA,NA,NA,NA,NA,NA,NA,NA,0
"379",NA,NA,"",NA,NA,NA,NA,NA,NA,"",NA,NA,"",NA,NA,"",NA,NA,"",NA,NA,NA,NA,NA,NA,NA,NA,0
"380",NA,NA,"",NA,NA,NA,NA,NA,NA,"",NA,NA,"",NA,NA,"",NA,NA,"",NA,NA,NA,NA,NA,NA,NA,NA,0
"381",NA,NA,"",NA,NA,NA,NA,NA,NA,"",NA,NA,"",NA,NA,"",NA,NA,"",NA,NA,NA,NA,NA,NA,NA,NA,0
"382",NA,NA,"",NA,NA,NA,NA,NA,NA,"",NA,NA,"",NA,NA,"",NA,NA,"",NA,NA,NA,NA,NA,NA,NA,NA,0
"383",NA,NA,"",NA,NA,NA,NA,NA,NA,"",NA,NA,"",NA,NA,"",NA,NA,"",NA,NA,NA,NA,NA,NA,NA,NA,0
"384",NA,NA,"",NA,NA,NA,NA,NA,NA,"",NA,NA,"",NA,NA,"",NA,NA,"",NA,NA,NA,NA,NA,NA,NA,NA,0
"385",NA,NA,"",NA,NA,NA,NA,NA,NA,"",NA,NA,"",NA,NA,"",NA,NA,"",NA,NA,NA,NA,NA,NA,NA,NA,0
"386",NA,NA,"",NA,NA,NA,NA,NA,NA,"",NA,NA,"",NA,NA,"",NA,NA,"",NA,NA,NA,NA,NA,NA,NA,NA,0
"387",NA,NA,"",NA,NA,NA,NA,NA,NA,"",NA,NA,"",NA,NA,"",NA,NA,"",NA,NA,NA,NA,NA,NA,NA,NA,0
"388",NA,NA,"",NA,NA,NA,NA,NA,NA,"",NA,NA,"",NA,NA,"",NA,NA,"",NA,NA,NA,NA,NA,NA,NA,NA,0
"389",NA,NA,"",NA,NA,NA,NA,NA,NA,"",NA,NA,"",NA,NA,"",NA,NA,"",NA,NA,NA,NA,NA,NA,NA,NA,0
"390",NA,NA,"",NA,NA,NA,NA,NA,NA,"",NA,NA,"",NA,NA,"",NA,NA,"",NA,NA,NA,NA,NA,NA,NA,NA,0
"391",NA,NA,"",NA,NA,NA,NA,NA,NA,"",NA,NA,"",NA,NA,"",NA,NA,"",NA,NA,NA,NA,NA,NA,NA,NA,0
"392",NA,NA,"",NA,NA,NA,NA,NA,NA,"",NA,NA,"",NA,NA,"",NA,NA,"",NA,NA,NA,NA,NA,NA,NA,NA,0
"393",NA,NA,"",NA,NA,NA,NA,NA,NA,"",NA,NA,"",NA,NA,"",NA,NA,"",NA,NA,NA,NA,NA,NA,NA,NA,0
"394",NA,NA,"",NA,NA,NA,NA,NA,NA,"",NA,NA,"",NA,NA,"",NA,NA,"",NA,NA,NA,NA,NA,NA,NA,NA,0
"395",NA,NA,"",NA,NA,NA,NA,NA,NA,"",NA,NA,"",NA,NA,"",NA,NA,"",NA,NA,NA,NA,NA,NA,NA,NA,0
"396",NA,NA,"",NA,NA,NA,NA,NA,NA,"",NA,NA,"",NA,NA,"",NA,NA,"",NA,NA,NA,NA,NA,NA,NA,NA,0
"397",NA,NA,"",NA,NA,NA,NA,NA,NA,"",NA,NA,"",NA,NA,"",NA,NA,"",NA,NA,NA,NA,NA,NA,NA,NA,0
"398",NA,NA,"",NA,NA,NA,NA,NA,NA,"",NA,NA,"",NA,NA,"",NA,NA,"",NA,NA,NA,NA,NA,NA,NA,NA,0
"399",NA,NA,"",NA,NA,NA,NA,NA,NA,"",NA,NA,"",NA,NA,"",NA,NA,"",NA,NA,NA,NA,NA,NA,NA,NA,0
"400",NA,NA,"",NA,NA,NA,NA,NA,NA,"",NA,NA,"",NA,NA,"",NA,NA,"",NA,NA,NA,NA,NA,NA,NA,NA,0
"401",NA,NA,"",NA,NA,NA,NA,NA,NA,"",NA,NA,"",NA,NA,"",NA,NA,"",NA,NA,NA,NA,NA,NA,NA,NA,0
"402",NA,NA,"",NA,NA,NA,NA,NA,NA,"",NA,NA,"",NA,NA,"",NA,NA,"",NA,NA,NA,NA,NA,NA,NA,NA,0
"403",NA,NA,"",NA,NA,NA,NA,NA,NA,"",NA,NA,"",NA,NA,"",NA,NA,"",NA,NA,NA,NA,NA,NA,NA,NA,0
"404",NA,NA,"",NA,NA,NA,NA,NA,NA,"",NA,NA,"",NA,NA,"",NA,NA,"",NA,NA,NA,NA,NA,NA,NA,NA,0
"405",NA,NA,"",NA,NA,NA,NA,NA,NA,"",NA,NA,"",NA,NA,"",NA,NA,"",NA,NA,NA,NA,NA,NA,NA,NA,0
"406",NA,NA,"",NA,NA,NA,NA,NA,NA,"",NA,NA,"",NA,NA,"",NA,NA,"",NA,NA,NA,NA,NA,NA,NA,NA,0
"407",NA,NA,"",NA,NA,NA,NA,NA,NA,"",NA,NA,"",NA,NA,"",NA,NA,"",NA,NA,NA,NA,NA,NA,NA,NA,0
"408",NA,NA,"",NA,NA,NA,NA,NA,NA,"",NA,NA,"",NA,NA,"",NA,NA,"",NA,NA,NA,NA,NA,NA,NA,NA,0
"409",NA,NA,"",NA,NA,NA,NA,NA,NA,"",NA,NA,"",NA,NA,"",NA,NA,"",NA,NA,NA,NA,NA,NA,NA,NA,0
"410",NA,NA,"",NA,NA,NA,NA,NA,NA,"",NA,NA,"",NA,NA,"",NA,NA,"",NA,NA,NA,NA,NA,NA,NA,NA,0
"411",NA,NA,"",NA,NA,NA,NA,NA,NA,"",NA,NA,"",NA,NA,"",NA,NA,"",NA,NA,NA,NA,NA,NA,NA,NA,0
"412",NA,NA,"",NA,NA,NA,NA,NA,NA,"",NA,NA,"",NA,NA,"",NA,NA,"",NA,NA,NA,NA,NA,NA,NA,NA,0
"413",NA,NA,"",NA,NA,NA,NA,NA,NA,"",NA,NA,"",NA,NA,"",NA,NA,"",NA,NA,NA,NA,NA,NA,NA,NA,0
"414",NA,NA,"",NA,NA,NA,NA,NA,NA,"",NA,NA,"",NA,NA,"",NA,NA,"",NA,NA,NA,NA,NA,NA,NA,NA,0
"415",NA,NA,"",NA,NA,NA,NA,NA,NA,"",NA,NA,"",NA,NA,"",NA,NA,"",NA,NA,NA,NA,NA,NA,NA,NA,0
"416",NA,NA,"",NA,NA,NA,NA,NA,NA,"",NA,NA,"",NA,NA,"",NA,NA,"",NA,NA,NA,NA,NA,NA,NA,NA,0
"417",NA,NA,"",NA,NA,NA,NA,NA,NA,"",NA,NA,"",NA,NA,"",NA,NA,"",NA,NA,NA,NA,NA,NA,NA,NA,0
"418",NA,NA,"",NA,NA,NA,NA,NA,NA,"",NA,NA,"",NA,NA,"",NA,NA,"",NA,NA,NA,NA,NA,NA,NA,NA,0
"419",NA,NA,"",NA,NA,NA,NA,NA,NA,"",NA,NA,"",NA,NA,"",NA,NA,"",NA,NA,NA,NA,NA,NA,NA,NA,0
"420",NA,NA,"",NA,NA,NA,NA,NA,NA,"",NA,NA,"",NA,NA,"",NA,NA,"",NA,NA,NA,NA,NA,NA,NA,NA,0
"421",NA,NA,"",NA,NA,NA,NA,NA,NA,"",NA,NA,"",NA,NA,"",NA,NA,"",NA,NA,NA,NA,NA,NA,NA,NA,0
"422",NA,NA,"",NA,NA,NA,NA,NA,NA,"",NA,NA,"",NA,NA,"",NA,NA,"",NA,NA,NA,NA,NA,NA,NA,NA,0
"423",NA,NA,"",NA,NA,NA,NA,NA,NA,"",NA,NA,"",NA,NA,"",NA,NA,"",NA,NA,NA,NA,NA,NA,NA,NA,0
"424",NA,NA,"",NA,NA,NA,NA,NA,NA,"",NA,NA,"",NA,NA,"",NA,NA,"",NA,NA,NA,NA,NA,NA,NA,NA,0
"425",NA,NA,"",NA,NA,NA,NA,NA,NA,"",NA,NA,"",NA,NA,"",NA,NA,"",NA,NA,NA,NA,NA,NA,NA,NA,0
"426",NA,NA,"",NA,NA,NA,NA,NA,NA,"",NA,NA,"",NA,NA,"",NA,NA,"",NA,NA,NA,NA,NA,NA,NA,NA,0
"427",NA,NA,"",NA,NA,NA,NA,NA,NA,"",NA,NA,"",NA,NA,"",NA,NA,"",NA,NA,NA,NA,NA,NA,NA,NA,0
"428",NA,NA,"",NA,NA,NA,NA,NA,NA,"",NA,NA,"",NA,NA,"",NA,NA,"",NA,NA,NA,NA,NA,NA,NA,NA,0
"429",NA,NA,"",NA,NA,NA,NA,NA,NA,"",NA,NA,"",NA,NA,"",NA,NA,"",NA,NA,NA,NA,NA,NA,NA,NA,0
"430",NA,NA,"",NA,NA,NA,NA,NA,NA,"",NA,NA,"",NA,NA,"",NA,NA,"",NA,NA,NA,NA,NA,NA,NA,NA,0
"431",NA,NA,"",NA,NA,NA,NA,NA,NA,"",NA,NA,"",NA,NA,"",NA,NA,"",NA,NA,NA,NA,NA,NA,NA,NA,0
"432",NA,NA,"",NA,NA,NA,NA,NA,NA,"",NA,NA,"",NA,NA,"",NA,NA,"",NA,NA,NA,NA,NA,NA,NA,NA,0
"433",NA,NA,"",NA,NA,NA,NA,NA,NA,"",NA,NA,"",NA,NA,"",NA,NA,"",NA,NA,NA,NA,NA,NA,NA,NA,0
"434",NA,NA,"",NA,NA,NA,NA,NA,NA,"",NA,NA,"",NA,NA,"",NA,NA,"",NA,NA,NA,NA,NA,NA,NA,NA,0
"435",NA,NA,"",NA,NA,NA,NA,NA,NA,"",NA,NA,"",NA,NA,"",NA,NA,"",NA,NA,NA,NA,NA,NA,NA,NA,0
"436",NA,NA,"",NA,NA,NA,NA,NA,NA,"",NA,NA,"",NA,NA,"",NA,NA,"",NA,NA,NA,NA,NA,NA,NA,NA,0
"437",NA,NA,"",NA,NA,NA,NA,NA,NA,"",NA,NA,"",NA,NA,"",NA,NA,"",NA,NA,NA,NA,NA,NA,NA,NA,0
"438",NA,NA,"",NA,NA,NA,NA,NA,NA,"",NA,NA,"",NA,NA,"",NA,NA,"",NA,NA,NA,NA,NA,NA,NA,NA,0
"439",NA,NA,"",NA,NA,NA,NA,NA,NA,"",NA,NA,"",NA,NA,"",NA,NA,"",NA,NA,NA,NA,NA,NA,NA,NA,0
"440",NA,NA,"",NA,NA,NA,NA,NA,NA,"",NA,NA,"",NA,NA,"",NA,NA,"",NA,NA,NA,NA,NA,NA,NA,NA,0
"441",NA,NA,"",NA,NA,NA,NA,NA,NA,"",NA,NA,"",NA,NA,"",NA,NA,"",NA,NA,NA,NA,NA,NA,NA,NA,0
"442",NA,NA,"",NA,NA,NA,NA,NA,NA,"",NA,NA,"",NA,NA,"",NA,NA,"",NA,NA,NA,NA,NA,NA,NA,NA,0
"443",NA,NA,"",NA,NA,NA,NA,NA,NA,"",NA,NA,"",NA,NA,"",NA,NA,"",NA,NA,NA,NA,NA,NA,NA,NA,0
"444",NA,NA,"",NA,NA,NA,NA,NA,NA,"",NA,NA,"",NA,NA,"",NA,NA,"",NA,NA,NA,NA,NA,NA,NA,NA,0
"445",NA,NA,"",NA,NA,NA,NA,NA,NA,"",NA,NA,"",NA,NA,"",NA,NA,"",NA,NA,NA,NA,NA,NA,NA,NA,0
"446",NA,NA,"",NA,NA,NA,NA,NA,NA,"",NA,NA,"",NA,NA,"",NA,NA,"",NA,NA,NA,NA,NA,NA,NA,NA,0
"447",NA,NA,"",NA,NA,NA,NA,NA,NA,"",NA,NA,"",NA,NA,"",NA,NA,"",NA,NA,NA,NA,NA,NA,NA,NA,0
"448",NA,NA,"",NA,NA,NA,NA,NA,NA,"",NA,NA,"",NA,NA,"",NA,NA,"",NA,NA,NA,NA,NA,NA,NA,NA,0
"449",NA,NA,"",NA,NA,NA,NA,NA,NA,"",NA,NA,"",NA,NA,"",NA,NA,"",NA,NA,NA,NA,NA,NA,NA,NA,0
"450",NA,NA,"",NA,NA,NA,NA,NA,NA,"",NA,NA,"",NA,NA,"",NA,NA,"",NA,NA,NA,NA,NA,NA,NA,NA,0
"451",NA,NA,"",NA,NA,NA,NA,NA,NA,"",NA,NA,"",NA,NA,"",NA,NA,"",NA,NA,NA,NA,NA,NA,NA,NA,0
"452",NA,NA,"",NA,NA,NA,NA,NA,NA,"",NA,NA,"",NA,NA,"",NA,NA,"",NA,NA,NA,NA,NA,NA,NA,NA,0
"453",NA,NA,"",NA,NA,NA,NA,NA,NA,"",NA,NA,"",NA,NA,"",NA,NA,"",NA,NA,NA,NA,NA,NA,NA,NA,0
"454",NA,NA,"",NA,NA,NA,NA,NA,NA,"",NA,NA,"",NA,NA,"",NA,NA,"",NA,NA,NA,NA,NA,NA,NA,NA,0
"455",NA,NA,"",NA,NA,NA,NA,NA,NA,"",NA,NA,"",NA,NA,"",NA,NA,"",NA,NA,NA,NA,NA,NA,NA,NA,0
"456",NA,NA,"",NA,NA,NA,NA,NA,NA,"",NA,NA,"",NA,NA,"",NA,NA,"",NA,NA,NA,NA,NA,NA,NA,NA,0
"457",NA,NA,"",NA,NA,NA,NA,NA,NA,"",NA,NA,"",NA,NA,"",NA,NA,"",NA,NA,NA,NA,NA,NA,NA,NA,0
"458",NA,NA,"",NA,NA,NA,NA,NA,NA,"",NA,NA,"",NA,NA,"",NA,NA,"",NA,NA,NA,NA,NA,NA,NA,NA,0
"459",NA,NA,"",NA,NA,NA,NA,NA,NA,"",NA,NA,"",NA,NA,"",NA,NA,"",NA,NA,NA,NA,NA,NA,NA,NA,0
"460",NA,NA,"",NA,NA,NA,NA,NA,NA,"",NA,NA,"",NA,NA,"",NA,NA,"",NA,NA,NA,NA,NA,NA,NA,NA,0
"461",NA,NA,"",NA,NA,NA,NA,NA,NA,"",NA,NA,"",NA,NA,"",NA,NA,"",NA,NA,NA,NA,NA,NA,NA,NA,0
"462",NA,NA,"",NA,NA,NA,NA,NA,NA,"",NA,NA,"",NA,NA,"",NA,NA,"",NA,NA,NA,NA,NA,NA,NA,NA,0
"463",NA,NA,"",NA,NA,NA,NA,NA,NA,"",NA,NA,"",NA,NA,"",NA,NA,"",NA,NA,NA,NA,NA,NA,NA,NA,0
"464",NA,NA,"",NA,NA,NA,NA,NA,NA,"",NA,NA,"",NA,NA,"",NA,NA,"",NA,NA,NA,NA,NA,NA,NA,NA,0
"465",NA,NA,"",NA,NA,NA,NA,NA,NA,"",NA,NA,"",NA,NA,"",NA,NA,"",NA,NA,NA,NA,NA,NA,NA,NA,0
"466",NA,NA,"",NA,NA,NA,NA,NA,NA,"",NA,NA,"",NA,NA,"",NA,NA,"",NA,NA,NA,NA,NA,NA,NA,NA,0
"467",NA,NA,"",NA,NA,NA,NA,NA,NA,"",NA,NA,"",NA,NA,"",NA,NA,"",NA,NA,NA,NA,NA,NA,NA,NA,0
"468",NA,NA,"",NA,NA,NA,NA,NA,NA,"",NA,NA,"",NA,NA,"",NA,NA,"",NA,NA,NA,NA,NA,NA,NA,NA,0
"469",NA,NA,"",NA,NA,NA,NA,NA,NA,"",NA,NA,"",NA,NA,"",NA,NA,"",NA,NA,NA,NA,NA,NA,NA,NA,0
"470",NA,NA,"",NA,NA,NA,NA,NA,NA,"",NA,NA,"",NA,NA,"",NA,NA,"",NA,NA,NA,NA,NA,NA,NA,NA,0
"471",NA,NA,"",NA,NA,NA,NA,NA,NA,"",NA,NA,"",NA,NA,"",NA,NA,"",NA,NA,NA,NA,NA,NA,NA,NA,0
"472",NA,NA,"",NA,NA,NA,NA,NA,NA,"",NA,NA,"",NA,NA,"",NA,NA,"",NA,NA,NA,NA,NA,NA,NA,NA,0
"473",NA,NA,"",NA,NA,NA,NA,NA,NA,"",NA,NA,"",NA,NA,"",NA,NA,"",NA,NA,NA,NA,NA,NA,NA,NA,0
"474",NA,NA,"",NA,NA,NA,NA,NA,NA,"",NA,NA,"",NA,NA,"",NA,NA,"",NA,NA,NA,NA,NA,NA,NA,NA,0
"475",NA,NA,"",NA,NA,NA,NA,NA,NA,"",NA,NA,"",NA,NA,"",NA,NA,"",NA,NA,NA,NA,NA,NA,NA,NA,0
"476",NA,NA,"",NA,NA,NA,NA,NA,NA,"",NA,NA,"",NA,NA,"",NA,NA,"",NA,NA,NA,NA,NA,NA,NA,NA,0
"477",NA,NA,"",NA,NA,NA,NA,NA,NA,"",NA,NA,"",NA,NA,"",NA,NA,"",NA,NA,NA,NA,NA,NA,NA,NA,0
"478",NA,NA,"",NA,NA,NA,NA,NA,NA,"",NA,NA,"",NA,NA,"",NA,NA,"",NA,NA,NA,NA,NA,NA,NA,NA,0
"479",NA,NA,"",NA,NA,NA,NA,NA,NA,"",NA,NA,"",NA,NA,"",NA,NA,"",NA,NA,NA,NA,NA,NA,NA,NA,0
"480",NA,NA,"",NA,NA,NA,NA,NA,NA,"",NA,NA,"",NA,NA,"",NA,NA,"",NA,NA,NA,NA,NA,NA,NA,NA,0
"481",NA,NA,"",NA,NA,NA,NA,NA,NA,"",NA,NA,"",NA,NA,"",NA,NA,"",NA,NA,NA,NA,NA,NA,NA,NA,0
"482",NA,NA,"",NA,NA,NA,NA,NA,NA,"",NA,NA,"",NA,NA,"",NA,NA,"",NA,NA,NA,NA,NA,NA,NA,NA,0
"483",NA,NA,"",NA,NA,NA,NA,NA,NA,"",NA,NA,"",NA,NA,"",NA,NA,"",NA,NA,NA,NA,NA,NA,NA,NA,0
"484",NA,NA,"",NA,NA,NA,NA,NA,NA,"",NA,NA,"",NA,NA,"",NA,NA,"",NA,NA,NA,NA,NA,NA,NA,NA,0
"485",NA,NA,"",NA,NA,NA,NA,NA,NA,"",NA,NA,"",NA,NA,"",NA,NA,"",NA,NA,NA,NA,NA,NA,NA,NA,0
"486",NA,NA,"",NA,NA,NA,NA,NA,NA,"",NA,NA,"",NA,NA,"",NA,NA,"",NA,NA,NA,NA,NA,NA,NA,NA,0
"487",NA,NA,"",NA,NA,NA,NA,NA,NA,"",NA,NA,"",NA,NA,"",NA,NA,"",NA,NA,NA,NA,NA,NA,NA,NA,0
"488",NA,NA,"",NA,NA,NA,NA,NA,NA,"",NA,NA,"",NA,NA,"",NA,NA,"",NA,NA,NA,NA,NA,NA,NA,NA,0
"489",NA,NA,"",NA,NA,NA,NA,NA,NA,"",NA,NA,"",NA,NA,"",NA,NA,"",NA,NA,NA,NA,NA,NA,NA,NA,0
"490",NA,NA,"",NA,NA,NA,NA,NA,NA,"",NA,NA,"",NA,NA,"",NA,NA,"",NA,NA,NA,NA,NA,NA,NA,NA,0
"491",NA,NA,"",NA,NA,NA,NA,NA,NA,"",NA,NA,"",NA,NA,"",NA,NA,"",NA,NA,NA,NA,NA,NA,NA,NA,0
"492",NA,NA,"",NA,NA,NA,NA,NA,NA,"",NA,NA,"",NA,NA,"",NA,NA,"",NA,NA,NA,NA,NA,NA,NA,NA,0
"493",NA,NA,"",NA,NA,NA,NA,NA,NA,"",NA,NA,"",NA,NA,"",NA,NA,"",NA,NA,NA,NA,NA,NA,NA,NA,0
"494",NA,NA,"",NA,NA,NA,NA,NA,NA,"",NA,NA,"",NA,NA,"",NA,NA,"",NA,NA,NA,NA,NA,NA,NA,NA,0
"495",NA,NA,"",NA,NA,NA,NA,NA,NA,"",NA,NA,"",NA,NA,"",NA,NA,"",NA,NA,NA,NA,NA,NA,NA,NA,0
"496",NA,NA,"",NA,NA,NA,NA,NA,NA,"",NA,NA,"",NA,NA,"",NA,NA,"",NA,NA,NA,NA,NA,NA,NA,NA,0
"497",NA,NA,"",NA,NA,NA,NA,NA,NA,"",NA,NA,"",NA,NA,"",NA,NA,"",NA,NA,NA,NA,NA,NA,NA,NA,0
"498",NA,NA,"",NA,NA,NA,NA,NA,NA,"",NA,NA,"",NA,NA,"",NA,NA,"",NA,NA,NA,NA,NA,NA,NA,NA,0
"499",NA,NA,"",NA,NA,NA,NA,NA,NA,"",NA,NA,"",NA,NA,"",NA,NA,"",NA,NA,NA,NA,NA,NA,NA,NA,0
"500",NA,NA,"",NA,NA,NA,NA,NA,NA,"",NA,NA,"",NA,NA,"",NA,NA,"",NA,NA,NA,NA,NA,NA,NA,NA,0
"501",NA,NA,"",NA,NA,NA,NA,NA,NA,"",NA,NA,"",NA,NA,"",NA,NA,"",NA,NA,NA,NA,NA,NA,NA,NA,0
"502",NA,NA,"",NA,NA,NA,NA,NA,NA,"",NA,NA,"",NA,NA,"",NA,NA,"",NA,NA,NA,NA,NA,NA,NA,NA,0
"503",NA,NA,"",NA,NA,NA,NA,NA,NA,"",NA,NA,"",NA,NA,"",NA,NA,"",NA,NA,NA,NA,NA,NA,NA,NA,0
"504",NA,NA,"",NA,NA,NA,NA,NA,NA,"",NA,NA,"",NA,NA,"",NA,NA,"",NA,NA,NA,NA,NA,NA,NA,NA,0
"505",NA,NA,"",NA,NA,NA,NA,NA,NA,"",NA,NA,"",NA,NA,"",NA,NA,"",NA,NA,NA,NA,NA,NA,NA,NA,0
